vcfId	svId	clusterId	clusterReason	fragileSiteStart	fragileSiteEnd	isFoldback	lineTypeStart	lineTypeEnd	junctionCopyNumberMin	junctionCopyNumberMax	geneStart	geneEnd	localTopologyIdStart	localTopologyIdEnd	localTopologyStart	localTopologyEnd	localTICountStart	localTICountEnd
gridss47fb_14o	1	50		false	false	false	NONE	NONE	0.4593	2.1594	SPAG17	SPAG17	0	0	DSB	DSB	0	0
gridss59bf_42o	3	51		false	false	false	NONE	NONE	-0.1501	3.4710	NOTCH2NLC	NOTCH2NLC	0	0	SIMPLE_DUP	SIMPLE_DUP	0	0
gridss83fb_62o	8	52		false	false	false	NONE	NONE	0.1492	0.8824	MIR29B2CHG	MIR29B2CHG	0	1	ISOLATED_BE	ISOLATED_BE	0	0
gridss89fb_288o	9	54		false	false	false	NONE	NONE	0.9670	2.2998	CNIH3	CNIH3	0	0	DSB	DSB	0	0
gridss89bf_110o	10	53		false	false	false	NONE	NONE	1.1566	2.1424	CNIH3	CNIH3;CNIH3-AS2	0	1	ISOLATED_BE	ISOLATED_BE	0	0
gridss133b_230b	15	47	PROXIMITY-121	false	false	false	NONE	NONE	-0.7648	0.8395	LSM3P3		1	-1	ISOLATED_BE		1	0
gridss137bb_10o	16	57	PROXIMITY-17	false	false	true	NONE	NONE	-0.5581	0.8941			0	0	COMPLEX_FOLDBACK	COMPLEX_FOLDBACK	1	1
gridss137fb_180o	17	57	PROXIMITY-16	false	false	true	NONE	NONE	-0.4719	1.0781			0	0	COMPLEX_FOLDBACK	COMPLEX_FOLDBACK	1	1
gridss206bb_31o	20	25	MAJOR_ALLELE_JCN-25;FOLDBACKS-109	false	false	true	NONE	NONE	3.4503	4.4548	THRB-AS1	THRB-AS1	1	1	FOLDBACK	FOLDBACK	0	0
gridss206f_226b	22	29		false	false	false	NONE	NONE	-0.0910	1.9610			0	-1	ISOLATED_BE		0	0
gridss206b_435b	23	25	MAJOR_ALLELE_JCN-25	false	false	false	NONE	NONE	1.6100	3.7527	RARB		2	-1	ISOLATED_BE		0	0
gridss207ff_26o	25	25	MAJOR_ALLELE_JCN-56	false	false	true	NONE	NONE	3.4414	4.7262	LRRC3B	LRRC3B	5	5	FOLDBACK	FOLDBACK	0	0
gridss220fb_145o	27	33	PROXIMITY-28	true	true	false	NONE	NONE	0.4114	1.2821	FHIT	FHIT	0	1	ISOLATED_BE	TI_ONLY	0	2
gridss220fb_154o	28	33	PROXIMITY-27	true	true	false	NONE	NONE	1.6300	1.6300	FHIT	FHIT	1	1	TI_ONLY	TI_ONLY	2	2
gridss220f_252b	29	33	PROXIMITY-28	true	false	false	NONE	NONE	0.0000	0.1320	FHIT		1	-1	TI_ONLY		2	0
gridss221fb_16o	30	34		true	true	false	NONE	NONE	0.4524	1.0293	FHIT	FHIT	0	1	ISOLATED_BE	ISOLATED_BE	0	0
gridss254f_3b	34	1		false	false	false	NONE	NONE	-0.0860	0.3961	SLC9A9		0	-1	ISOLATED_BE		0	0
gridss271fb_149o	37	35		false	false	false	NONE	NONE	0.0090	0.5610	KNG1	RFC4	0	1	ISOLATED_BE	ISOLATED_BE	0	0
gridss274b_45b	38	36	PROXIMITY-142	false	false	false	NONE	NONE	-0.9303	1.3772	ATP13A4		1	-1	DSB		0	0
gridss302bf_12o	41	74		false	false	false	NONE	NONE	3.8053	11.4369	EPHA5	EPHA5	0	0	SIMPLE_DUP	SIMPLE_DUP	0	0
gridss153bb_48o	44	0		false	false	false	NONE	NONE	-0.1120	0.2672	TMEM163	MARCHF1	1	0	ISOLATED_BE	ISOLATED_BE	0	0
gridss350bf_118o	46	75		false	false	false	NONE	NONE	3.0233	9.7346			0	0	SIMPLE_DUP	SIMPLE_DUP	0	0
gridss363fb_71o	47	23		false	false	false	NONE	NONE	0.8003	1.1117		LINC02109	0	1	ISOLATED_BE	ISOLATED_BE	0	0
gridss424fb_4o	51	24		false	false	false	NONE	NONE	0.3658	1.9625	RUFY1	RUFY1	0	0	DSB	DSB	0	0
gridss207bb_23o	56	25	PROXIMITY-57;MAJOR_ALLELE_JCN-25	false	false	false	NONE	NONE	2.7835	5.1386		H4C4;H1-12P	4	0	ISOLATED_BE	ISOLATED_BE	0	1
gridss435ff_38o	57	25	PROXIMITY-56	false	false	false	NONE	NONE	-0.0615	3.6479	H4C4;H1-12P;H2BC7	H4C4;H1-12P;H2BC7	0	0	ISOLATED_BE	ISOLATED_BE	1	1
gridss450f_255b	60	26		false	false	false	NONE	NONE	0.3951	0.9821	EYS	RNU6-498P;RNU6-1235P	0	-1	ISOLATED_BE		0	0
gridss514fb_57o	66	4		false	false	false	NONE	NONE	1.0783	3.6679			0	0	DSB	DSB	0	0
gridss516fb_104o	68	5		false	false	false	NONE	NONE	0.9409	2.0192	MIR3147		0	1	ISOLATED_BE	ISOLATED_BE	0	0
gridss524fb_252o	72	6		false	false	false	NONE	NONE	0.3507	0.9123	MAGI2;RPL13AP17	MAGI2	0	1	ISOLATED_BE	ISOLATED_BE	0	0
gridss524fb_271o	73	7		false	false	false	NONE	NONE	0.3745	1.0289	MAGI2	MAGI2	0	1	ISOLATED_BE	ISOLATED_BE	0	0
gridss527bf_38o	74	8		false	false	false	NONE	NONE	0.2935	1.0847		SOCS5P1	0	1	ISOLATED_BE	ISOLATED_BE	0	0
gridss535bf_19o	75	9		false	false	false	NONE	NONE	1.2307	2.1729	LHFPL3	LINC01004	0	1	ISOLATED_BE	ISOLATED_BE	0	0
gridss537fb_91o	76	10		true	true	false	NONE	NONE	-0.7332	1.4026	IMMP2L	IMMP2L	0	0	DSB	DSB	0	0
gridss543fb_198o	78	11	PROXIMITY-79	false	false	false	NONE	NONE	1.4321	2.2722		GRM8	0	2	ISOLATED_BE	ISOLATED_BE	0	1
gridss543bb_60o	79	11	PROXIMITY-78	false	false	false	NONE	NONE	1.4527	2.3984	GRM8	GRM8	1	2	ISOLATED_BE	ISOLATED_BE	0	1
gridss543f_236b	80	11	PROXIMITY-79	false	false	false	NONE	NONE	-0.8591	3.2674	GRM8	ARHGEF35-AS1;OR2A42;OR2A1-AS1;OR2A1;OR2A1-AS1;OR2A1;ARHGEF35-AS1;OR2A42	2	-1	ISOLATED_BE		1	0
purple_0	83	13		false	false	false	NONE	NONE	1.4050	3.0950	ARHGEF35-AS1;OR2A20P		0	-1	ISOLATED_BE		0	0
gridss551b_18b	84	14	PROXIMITY-85	false	false	false	NONE	NONE	1.2065	3.1116		ARHGEF35-AS1;OR2A7;ENPP3;OR2A4	0	-1	TI_ONLY		1	0
gridss551f_16b	85	14	PROXIMITY-84	false	false	false	NONE	NONE	0.9843	2.8782		ARHGEF35-AS1;OR2A42;OR2A1-AS1;OR2A1	0	-1	TI_ONLY		1	0
gridss588fb_42o	87	16	PROXIMITY-91	false	false	false	NONE	NONE	-0.7704	1.0065			0	0	DSB	DSB	2	2
gridss588ff_9o	88	16	PROXIMITY-87	false	false	false	NONE	NONE	-0.8026	0.9498			0	0	DSB	DSB	2	2
gridss588bb_11o	91	16	PROXIMITY-87	false	false	false	NONE	NONE	-0.7543	1.0060			0	1	DSB	DSB	2	1
gridss588bf_5o	92	16	PROXIMITY-88	false	false	false	NONE	NONE	-0.7611	1.0032			0	1	DSB	DSB	2	1
gridss601fb_41o	93	16	PROXIMITY-91	false	false	false	NONE	NONE	-0.7172	1.0912			1	1	DSB	DSB	1	1
gridss609bf_39o	95	17		false	false	false	NONE	NONE	0.3877	1.0525	ASAP1	ASAP1	0	1	ISOLATED_BE	ISOLATED_BE	0	0
gridss626bb_29o	96	2	PROXIMITY-97	false	false	false	NONE	NONE	-0.1354	1.3222	LINGO2	LINGO2	0	0	DSB	DSB	1	1
gridss626ff_26o	97	2	PROXIMITY-96	false	false	false	NONE	NONE	0.6780	1.2230	LINGO2	LINGO2	0	1	DSB	ISOLATED_BE	1	0
gridss626fb_65o	98	2	PROXIMITY-96	false	false	false	NONE	NONE	0.6585	1.1313	LINGO2	LINGO2	0	2	DSB	ISOLATED_BE	1	0
gridss627b_118b	99	3		false	false	false	NONE	NONE	1.4200	2.0912			0	-1	ISOLATED_BE		0	0
gridss684fb_7o	106	40	PROXIMITY-112	false	false	false	NONE	NONE	0.4904	1.0438	IATPR		0	1	ISOLATED_BE	ISOLATED_BE	0	1
gridss34ff_65o	107	40	PROXIMITY-106	false	false	false	NONE	NONE	0.4362	0.9680	SELENOF		5	1	ISOLATED_BE	ISOLATED_BE	0	1
gridss692fb_25o	108	41		false	false	false	NONE	NONE	1.0169	3.0477			0	0	DSB	DSB	0	0
gridss206fb_272o	109	25	PROXIMITY-127;FOLDBACKS-20	false	false	true	NONE	NONE	0.0367	3.0406	RARB;RNA5SP126	BICC1	3	6	FOLDBACK	TI_ONLY	0	1
gridss703fb_46o	111	40	TI_JCN_MATCH-112	false	false	false	NONE	NONE	0.0546	0.3410	NRG3	NRG3	2	3	ISOLATED_BE	ISOLATED_BE	0	0
gridss685ff_12o	112	40	PROXIMITY-106;TI_JCN_MATCH-111	false	false	false	NONE	NONE	-0.1971	0.2081			1	4	ISOLATED_BE	ISOLATED_BE	1	0
gridss705fb_131o	113	43		false	false	false	NONE	NONE	1.3460	2.0444	PTEN;RPL11P3	PTEN	0	1	ISOLATED_BE	ISOLATED_BE	0	0
gridss739ff_9o	116	46	PROXIMITY-117	false	false	false	NONE	NONE	-0.6985	1.0668		LRRC4C	0	1	TI_ONLY	DSB	1	0
gridss739bb_12o	117	46	PROXIMITY-116	false	false	false	NONE	NONE	-0.7158	1.0058		LRRC4C	0	1	TI_ONLY	DSB	1	0
gridss133bb_53o	120	47	PROXIMITY-121	false	false	false	NONE	NONE	-0.7004	0.9198	LSM3P3		1	0	ISOLATED_BE	DSB	1	0
gridss133ff_49o	121	47	PROXIMITY-120	false	false	false	NONE	NONE	-0.6868	0.9393	LSM3P3		1	0	ISOLATED_BE	DSB	1	0
gridss756fb_59o	122	48		false	false	false	NONE	NONE	0.9116	1.3960			0	1	ISOLATED_BE	ISOLATED_BE	0	0
gridss206fb_270o	127	25	PROXIMITY-109	false	false	true	NONE	NONE	0.2102	4.6136	RARB;RNA5SP126	TRHDE;TRHDE-AS1	3	7	FOLDBACK	TI_ONLY	0	1
gridss694ff_8o	128	25	PROXIMITY-109	false	false	false	NONE	NONE	0.2915	2.6945	BICC1	TRHDE;TRHDE-AS1	6	7	TI_ONLY	TI_ONLY	1	1
gridss815fb_26o	129	55		false	false	false	NONE	NONE	0.9460	3.0734			0	0	DSB	DSB	0	0
gridss830f_164b	130	56	PROXIMITY-131	false	false	false	NONE	NONE	0.8519	3.0883	TMEM132D		0	-1	DSB		0	0
gridss830b_177b	131	56	PROXIMITY-130	false	false	false	NONE	NONE	0.8306	3.0753	TMEM132D	MTHFD2P1	0	-1	DSB		0	0
gridss855b_279b	133	58		false	false	false	NONE	NONE	-0.1245	0.4903	DIAPH3	DIAPH3	0	-1	ISOLATED_BE		0	0
gridss894bf_2o	137	65		false	false	false	NONE	NONE	-0.0601	0.5502			0	1	ISOLATED_BE	ISOLATED_BE	0	0
gridss906bf_25o	139	66		false	false	false	NONE	NONE	2.9107	8.3134	RGS6	RGS6	0	0	SIMPLE_DUP	SIMPLE_DUP	0	0
gridss274fb_23o	142	36	PROXIMITY-38	false	false	false	NONE	NONE	-0.2524	0.3618	ATP13A4	CATSPERB	1	0	DSB	ISOLATED_BE	0	0
unbalanced_1	145	63	PROXIMITY-182	false	false	false	NONE	NONE	-3.1149	4.5609			1	-1	DSB		0	0
gridss480ff_11o	146	27	PROXIMITY-147	false	false	false	NONE	NONE	0.5872	2.9927	NHSL1		1	0	TI_ONLY	DSB	1	0
gridss480bb_23o	147	27	PROXIMITY-146	false	false	false	NONE	NONE	0.4941	2.9254	NHSL1		1	0	TI_ONLY	DSB	1	0
gridss930ff_9o	148	67	LOH-152	false	false	true	NONE	NONE	1.2867	2.8402	MKRN3		1	1	FOLDBACK	FOLDBACK	0	0
gridss937bf_12o	150	68		false	false	false	NONE	NONE	1.5690	2.4656	OIP5;NUSAP1	OIP5;NUSAP1	0	1	ISOLATED_BE	ISOLATED_BE	0	0
gridss553fb_521o	152	67	LOH-148	false	false	false	NONE	NONE	1.7137	2.2838	ASIC3		0	2	ISOLATED_BE	ISOLATED_BE	0	0
purple_1	154	69		false	false	false	NONE	NONE	0.9357	1.6243			0	-1	ISOLATED_BE		0	0
gridss985fb_14o	155	70		false	false	false	NONE	NONE	1.5066	2.0402	CNOT1	CNOT1	0	1	ISOLATED_BE	ISOLATED_BE	0	0
gridss993fb_29o	157	71		true	true	false	NONE	NONE	0.8816	1.2072	WWOX	WWOX	0	1	ISOLATED_BE	ISOLATED_BE	0	0
gridss673bb_37o	162	37	LOH-169	false	false	false	NONE	NONE	0.6488	1.1348	ITIH5		4	0	ISOLATED_BE	ISOLATED_BE	0	0
gridss1058fb_102o	165	64		false	false	false	NONE	NONE	0.3659	1.3812	TMX3	TMX3;CCDC102B	0	0	DSB	DSB	0	0
gridss673bf_57o	168	37	PROXIMITY-169	false	false	false	NONE	NONE	0.6545	1.3355		USHBP1;ANKLE1	2	1	ISOLATED_BE	DSB	0	0
gridss673fb_184o	169	37	PROXIMITY-168;LOH-162	false	false	false	NONE	NONE	0.6831	1.3653	LINC02665	ANKLE1;MRPL34	3	1	ISOLATED_BE	DSB	0	0
gridss1092fb_29o	173	59		false	false	false	NONE	NONE	1.4901	2.6792			0	0	DSB	DSB	0	0
unbalanced_0	174	60	PROXIMITY-176	true	false	false	NONE	NONE	-1.8569	3.9169	MACROD2		0	-1	DSB		0	0
gridss1093fb_2o	175	60	PROXIMITY-176	true	true	false	NONE	NONE	0.6250	1.3579	MACROD2;RNU6-115P	MACROD2	1	2	ISOLATED_BE	SAME_ORIENT	0	0
gridss1092fb_149o	176	60	PROXIMITY-174	true	true	false	NONE	NONE	0.4061	3.1546	MACROD2	MACROD2	0	2	DSB	SAME_ORIENT	0	0
gridss1093fb_1o	177	61		true	true	false	NONE	NONE	0.0907	0.9277	MACROD2	MACROD2	0	1	ISOLATED_BE	ISOLATED_BE	0	0
gridss930bb_7o	180	63	PROXIMITY-181	false	false	false	NONE	NONE	-0.3068	2.7651	GOLGA6L2	ARHGAP40	0	2	SAME_ORIENT	ISOLATED_BE	0	1
gridss930bb_6o	181	63	PROXIMITY-180	false	false	false	NONE	NONE	-0.5630	2.3315	GOLGA6L2	ARHGAP40	0	2	SAME_ORIENT	ISOLATED_BE	0	1
gridss930bf_13o	182	63	PROXIMITY-181	false	false	false	NONE	NONE	0.6292	4.9693		ARHGAP40	1	2	DSB	ISOLATED_BE	0	1
gridss1145fb_6o	187	49		false	false	false	NONE	NONE	0.7527	1.6419	LARGE1	LARGE1;MIR4764	0	1	ISOLATED_BE	ISOLATED_BE	0	0
gridss1164fb_123o	190	18		true	true	false	NONE	NONE	0.7358	1.1287	DMD	DMD	0	1	ISOLATED_BE	ISOLATED_BE	0	0
gridss1164fb_125o	191	72		true	true	false	NONE	NONE	0.7961	1.1414	DMD	DMD	0	1	ISOLATED_BE	ISOLATED_BE	0	0
gridss1164fb_133o	193	21		true	true	false	NONE	NONE	0.6692	1.0138	DMD	DMD	0	1	ISOLATED_BE	ISOLATED_BE	0	0
gridss1164fb_131o	194	73		true	true	false	NONE	NONE	0.7209	1.0771	DMD	DMD	0	1	ISOLATED_BE	ISOLATED_BE	0	0
gridss1165fb_54o	196	22		false	false	false	NONE	NONE	1.1207	1.9896			0	0	DSB	DSB	0	0
