id	svId	isStart	gene	transcriptId	canonical	geneOrientation	disruptive	reportedDisruption	undisruptedCopyNumber	regionType	codingType	biotype	exonicBasePhase	nextSpliceExonRank	nextSpliceExonPhase	nextSpliceDistance	totalExonCount	type	chromosome	orientation	strand	chrBand	exonUp	exonDown	junctionCopyNumber
0	1	true	GDAP2	ENST00000369443	true	Downstream	false	false	0.7100	UPSTREAM	UTR_5P	protein_coding	-1	2	-1	43942	14	DEL	chr1	1	-1	p12	0	2	1.3094
1	1	true	SPAG17	ENST00000336338	true	Downstream	false	false	0.7100	INTRONIC	CODING	protein_coding	1	44	1	2	49	DEL	chr1	1	-1	p12	43	44	1.3094
2	1	false	GDAP2	ENST00000369443	true	Upstream	false	false	0.7100	UPSTREAM	UTR_5P	protein_coding	-1	0	-1	-19550	14	DEL	chr1	-1	-1	p12	0	2	1.3094
3	1	false	SPAG17	ENST00000336338	true	Upstream	false	false	0.7100	INTRONIC	CODING	protein_coding	1	43	1	7671	49	DEL	chr1	-1	-1	p12	43	44	1.3094
4	3	true	NOTCH2NLC	ENST00000650865	true	Downstream	true	false	3.9400	EXONIC	CODING	protein_coding	0	2	0	40139	5	DUP	chr1	-1	1	q21.2	1	1	1.6605
5	3	true	NBPF19	ENST00000651566	true	Downstream	false	false	3.9400	UPSTREAM	UTR_5P	protein_coding	-1	2	-1	85095	94	DUP	chr1	-1	1	q21.2	0	2	1.6605
6	3	false	NOTCH2NLC	ENST00000650865	true	Upstream	true	false	3.9300	EXONIC	CODING	protein_coding	-1	0	-1	217	5	DUP	chr1	1	1	q21.2	1	1	1.6605
7	3	false	NBPF19	ENST00000651566	true	Upstream	false	false	3.9300	UPSTREAM	UTR_5P	protein_coding	-1	0	-1	-73246	94	DUP	chr1	1	1	q21.2	0	2	1.6605
8	8	true	RNA5SP534	ENST00000618635	true	Downstream	false	false	3.0150	UPSTREAM	NON_CODING	rRNA	-1	1	-1	98905	1	DEL	chr1	1	-1	q32.2	0	1	0.5158
9	8	true	MIR29B2CHG	ENST00000637970	true	Downstream	true	false	3.0150	INTRONIC	NON_CODING	lncRNA	-1	7	-1	1789	8	DEL	chr1	1	-1	q32.2	6	7	0.5158
10	8	true	MIR29C	ENST00000385231	true	Downstream	false	false	3.0150	UPSTREAM	NON_CODING	miRNA	-1	1	-1	5947	1	DEL	chr1	1	-1	q32.2	0	1	0.5158
11	8	true	MIR29B2	ENST00000385055	true	Downstream	false	false	3.0150	UPSTREAM	NON_CODING	miRNA	-1	1	-1	5363	1	DEL	chr1	1	-1	q32.2	0	1	0.5158
12	8	false	MIR29B2CHG	ENST00000637970	true	Upstream	true	false	3.0130	INTRONIC	NON_CODING	lncRNA	-1	4	-1	26451	8	DEL	chr1	-1	-1	q32.2	4	5	0.5158
13	8	false	MIR29C	ENST00000385231	true	Upstream	false	false	3.0130	UPSTREAM	NON_CODING	miRNA	-1	0	-1	-36069	1	DEL	chr1	-1	-1	q32.2	0	1	0.5158
14	8	false	MIR29B2	ENST00000385055	true	Upstream	false	false	3.0130	UPSTREAM	NON_CODING	miRNA	-1	0	-1	-36069	1	DEL	chr1	-1	-1	q32.2	0	1	0.5158
15	9	true	CNIH3	ENST00000272133	true	Upstream	false	false	3.9900	UPSTREAM	CODING	protein_coding	0	0	0	6732	6	DEL	chr1	1	1	q42.12	0	2	1.6334
16	9	false	CNIH3	ENST00000272133	true	Downstream	false	false	3.9800	UPSTREAM	CODING	protein_coding	0	2	0	82626	6	DEL	chr1	-1	1	q42.12	0	2	1.6334
17	10	true	WDR26	ENST00000414423	true	Upstream	false	false	3.9500	UPSTREAM	CODING	protein_coding	2	0	2	-23010	14	DUP	chr1	-1	-1	q42.11	0	2	1.6495
18	10	true	MIR4742	ENST00000581069	true	Upstream	false	false	3.9500	UPSTREAM	NON_CODING	miRNA	-1	0	-1	-60308	1	DUP	chr1	-1	-1	q42.11	0	1	1.6495
19	10	true	CNIH3	ENST00000272133	true	Downstream	false	false	3.9500	UPSTREAM	CODING	protein_coding	0	2	0	222057	6	DUP	chr1	-1	1	q42.12	0	2	1.6495
20	10	false	CNIH3	ENST00000272133	true	Upstream	false	false	3.9000	UPSTREAM	CODING	protein_coding	0	0	0	24057	6	DUP	chr1	1	1	q42.12	0	2	1.6495
21	10	false	CNIH3-AS2	ENST00000437416	true	Downstream	true	false	3.9000	INTRONIC	NON_CODING	lncRNA	-1	4	-1	826	4	DUP	chr1	1	-1	q42.12	3	4	1.6495
22	15	true	LINC01964	ENST00000650835	true	Upstream	false	false	2.9960	UPSTREAM	NON_CODING	lncRNA	-1	0	-1	-1	2	SGL	chr2	-1	-1	p11.2	0	2	0.0373
23	15	true	LSM3P3	ENST00000436601	true	Upstream	false	false	2.9960	UPSTREAM	NON_CODING	processed_pseudogene	-1	0	-1	-1	1	SGL	chr2	-1	-1	p11.2	0	1	0.0373
24	15	true	TCF7L1	ENST00000282111	true	Downstream	false	false	2.9960	UPSTREAM	CODING	protein_coding	0	2	0	25467	12	SGL	chr2	-1	1	p11.2	0	2	0.0373
25	15	true	TCF7L1-IT1	ENST00000433581	true	Downstream	false	false	2.9960	UPSTREAM	NON_CODING	lncRNA	-1	2	-1	78637	2	SGL	chr2	-1	1	p11.2	0	2	0.0373
26	15	true	RNU6-674P	ENST00000363831	true	Downstream	false	false	2.9960	UPSTREAM	NON_CODING	snRNA	-1	1	-1	96377	1	SGL	chr2	-1	1	p11.2	0	1	0.0373
27	16	true	BMS1P23	ENST00000651108	true	Upstream	false	false	2.6720	UPSTREAM	NON_CODING	transcribed_unprocessed_pseudogene	-1	0	-1	-1	8	INV	chr2	-1	-1	q11.1	0	2	0.1680
28	16	false	BMS1P23	ENST00000651108	true	Upstream	false	false	2.5380	UPSTREAM	NON_CODING	transcribed_unprocessed_pseudogene	-1	0	-1	-1	8	INV	chr2	-1	-1	q11.1	0	2	0.1680
29	17	true	BMS1P23	ENST00000651108	true	Downstream	false	false	2.5360	UPSTREAM	NON_CODING	transcribed_unprocessed_pseudogene	-1	2	-1	78927	8	DEL	chr2	1	-1	q11.1	0	2	0.3031
30	17	false	BMS1P23	ENST00000651108	true	Upstream	false	false	2.7000	UPSTREAM	NON_CODING	transcribed_unprocessed_pseudogene	-1	0	-1	-1	8	DEL	chr2	-1	-1	q11.1	0	2	0.3031
31	20	true	THRB	ENST00000646209	true	Upstream	false	false	2.0100	UPSTREAM	UTR_5P	protein_coding	-1	0	-1	-1	11	INV	chr3	-1	-1	p24.2	0	2	3.9525
32	20	true	THRB-IT1	ENST00000425296	true	Upstream	false	false	2.0100	UPSTREAM	NON_CODING	lncRNA	-1	0	-1	-39521	2	INV	chr3	-1	-1	p24.2	0	2	3.9525
33	20	true	THRB-AS1	ENST00000630391	true	Downstream	true	false	2.0100	INTRONIC	NON_CODING	lncRNA	-1	2	-1	10015	5	INV	chr3	-1	1	p24.2	1	2	3.9525
34	20	true	EIF3KP2	ENST00000415266	true	Downstream	false	false	2.0100	UPSTREAM	NON_CODING	processed_pseudogene	-1	1	-1	32218	1	INV	chr3	-1	1	p24.2	0	1	3.9525
35	20	false	THRB	ENST00000646209	true	Upstream	false	false	6.0600	UPSTREAM	UTR_5P	protein_coding	-1	0	-1	-1	11	INV	chr3	-1	-1	p24.2	0	2	3.9525
36	20	false	THRB-IT1	ENST00000425296	true	Upstream	false	false	6.0600	UPSTREAM	NON_CODING	lncRNA	-1	0	-1	-40595	2	INV	chr3	-1	-1	p24.2	0	2	3.9525
37	20	false	THRB-AS1	ENST00000630391	true	Downstream	true	false	6.0600	INTRONIC	NON_CODING	lncRNA	-1	2	-1	8941	5	INV	chr3	-1	1	p24.2	1	2	3.9525
38	20	false	EIF3KP2	ENST00000415266	true	Downstream	false	false	6.0600	UPSTREAM	NON_CODING	processed_pseudogene	-1	1	-1	31144	1	INV	chr3	-1	1	p24.2	0	1	3.9525
39	22	true	RARB	ENST00000330688	true	Upstream	false	false	10.0400	UPSTREAM	CODING	protein_coding	1	0	1	-1	8	SGL	chr3	1	1	p24.2	0	2	0.9350
40	23	true	RARB	ENST00000330688	true	Downstream	false	false	10.0400	UPSTREAM	CODING	protein_coding	1	2	1	171100	8	SGL	chr3	-1	1	p24.2	0	2	2.6813
41	23	true	CFL1P7	ENST00000424759	true	Downstream	false	false	10.0400	UPSTREAM	NON_CODING	processed_pseudogene	-1	1	-1	34081	1	SGL	chr3	-1	1	p24.2	0	1	2.6813
42	25	true	LRRC3B	ENST00000396641	true	Upstream	false	false	7.9500	UPSTREAM	UTR_5P	protein_coding	-1	0	-1	-1	2	INV	chr3	1	1	p24.1	0	2	4.0838
43	25	false	LRRC3B	ENST00000396641	true	Upstream	true	false	4.0100	EXONIC	UTR_5P	protein_coding	-1	0	-1	202	2	INV	chr3	1	1	p24.1	1	1	4.0838
44	27	true	FHIT	ENST00000492590	true	Downstream	false	false	2.8900	INTRONIC	CODING	protein_coding	1	6	1	132874	10	DEL	chr3	1	-1	p14.2	5	6	0.8468
45	27	false	FHIT	ENST00000492590	true	Upstream	false	false	2.8890	INTRONIC	CODING	protein_coding	1	5	1	318045	10	DEL	chr3	-1	-1	p14.2	5	6	0.8468
46	28	true	FHIT	ENST00000492590	true	Downstream	false	false	1.6800	INTRONIC	CODING	protein_coding	1	6	1	204705	10	INS	chr3	1	-1	p14.2	5	6	1.6300
47	28	false	FHIT	ENST00000492590	true	Upstream	false	false	1.6800	INTRONIC	CODING	protein_coding	1	5	1	318002	10	INS	chr3	-1	-1	p14.2	5	6	1.6300
48	29	true	FHIT	ENST00000492590	true	Downstream	true	false	3.9546	INTRONIC	CODING	protein_coding	1	6	1	204743	10	SGL	chr3	1	-1	p14.2	5	6	0.1320
49	30	true	FHIT	ENST00000492590	true	Downstream	false	false	2.9720	INTRONIC	UTR_5P	protein_coding	-1	4	-1	64441	10	DEL	chr3	1	-1	p14.2	3	4	0.7408
50	30	false	FHIT	ENST00000492590	true	Upstream	false	false	2.9700	INTRONIC	UTR_5P	protein_coding	-1	3	-1	14505	10	DEL	chr3	-1	-1	p14.2	3	4	0.7408
51	34	true	SLC9A9	ENST00000316549	true	Downstream	true	false	4.0070	INTRONIC	CODING	protein_coding	2	13	2	46174	16	SGL	chr3	1	-1	q24	12	13	0.1551
52	37	true	KNG1	ENST00000644859	true	Upstream	true	false	3.6960	INTRONIC	CODING	protein_coding	1	3	1	1865	10	DEL	chr3	1	1	q27.3	3	4	0.2850
53	37	true	PSMD10P2	ENST00000432890	true	Upstream	false	false	3.6960	UPSTREAM	NON_CODING	transcribed_processed_pseudogene	-1	0	-1	-36628	1	DEL	chr3	1	1	q27.3	0	1	0.2850
54	37	true	GPS2P2	ENST00000430745	true	Upstream	false	false	3.6960	UPSTREAM	NON_CODING	processed_pseudogene	-1	0	-1	-37199	1	DEL	chr3	1	1	q27.3	0	1	0.2850
55	37	true	EIF4A2	ENST00000323963	true	Upstream	false	false	3.6960	UPSTREAM	CODING	protein_coding	2	0	2	-59062	11	DEL	chr3	1	1	q27.3	0	2	0.2850
56	37	true	SNORD2	ENST00000459163	true	Upstream	false	false	3.6960	UPSTREAM	NON_CODING	snoRNA	-1	0	-1	-60178	1	DEL	chr3	1	1	q27.3	0	1	0.2850
57	37	true	SNORA63B	ENST00000363548	true	Upstream	false	false	3.6960	UPSTREAM	NON_CODING	snoRNA	-1	0	-1	-61778	1	DEL	chr3	1	1	q27.3	0	1	0.2850
58	37	true	MIR1248	ENST00000629190	true	Upstream	false	false	3.6960	UPSTREAM	NON_CODING	miRNA	-1	0	-1	-62116	1	DEL	chr3	1	1	q27.3	0	1	0.2850
59	37	true	SNORA81	ENST00000408493	true	Upstream	false	false	3.6960	UPSTREAM	NON_CODING	snoRNA	-1	0	-1	-62116	1	DEL	chr3	1	1	q27.3	0	1	0.2850
60	37	true	SNORA63	ENST00000363450	true	Upstream	false	false	3.6960	UPSTREAM	NON_CODING	snoRNA	-1	0	-1	-62741	1	DEL	chr3	1	1	q27.3	0	1	0.2850
61	37	true	SNORA4	ENST00000584302	true	Upstream	false	false	3.6960	UPSTREAM	NON_CODING	snoRNA	-1	0	-1	-63109	1	DEL	chr3	1	1	q27.3	0	1	0.2850
62	37	false	RNU6-1105P	ENST00000384774	true	Upstream	false	false	3.6970	UPSTREAM	NON_CODING	snRNA	-1	0	-1	-5784	1	DEL	chr3	-1	-1	q27.3	0	1	0.2850
63	37	false	RFC4	ENST00000296273	true	Upstream	true	false	3.6970	INTRONIC	CODING	protein_coding	2	4	2	1691	11	DEL	chr3	-1	-1	q27.3	4	5	0.2850
64	37	false	ADIPOQ	ENST00000320741	true	Downstream	false	false	3.6970	UPSTREAM	UTR_5P	protein_coding	-1	2	-1	57207	3	DEL	chr3	-1	1	q27.3	0	2	0.2850
65	38	true	ATP13A4	ENST00000342695	true	Upstream	true	false	3.6680	INTRONIC	CODING	protein_coding	0	1	0	13516	30	SGL	chr3	-1	-1	q29	1	2	0.2235
66	38	true	ATP13A4-AS1	ENST00000431512	true	Downstream	false	false	3.6680	UPSTREAM	NON_CODING	lncRNA	-1	2	-1	13546	2	SGL	chr3	-1	1	q29	0	2	0.2235
67	38	true	OPA1	ENST00000361510	true	Downstream	false	false	3.6680	UPSTREAM	CODING	protein_coding	2	2	2	73499	31	SGL	chr3	-1	1	q29	0	2	0.2235
68	41	true	EPHA5	ENST00000613740	true	Upstream	false	false	3.8500	INTRONIC	CODING	protein_coding	0	14	0	1815	17	DUP	chr4	-1	-1	q13.1	14	15	7.6211
69	41	false	EPHA5	ENST00000613740	true	Downstream	false	false	3.8600	INTRONIC	CODING	protein_coding	0	15	0	10196	17	DUP	chr4	1	-1	q13.1	14	15	7.6211
70	44	true	TMEM163	ENST00000281924	true	Upstream	true	false	3.0130	INTRONIC	CODING	protein_coding	1	2	1	100653	8	BND	chr2	-1	-1	q21.3	2	3	0.0776
71	44	false	MARCHF1	ENST00000514618	true	Upstream	true	false	3.8532	INTRONIC	UTR_5P	protein_coding	-1	1	-1	20099	10	BND	chr4	-1	-1	q32.2	1	2	0.0776
72	47	true	LINC02109	ENST00000658190	true	Upstream	false	false	0.9700	UPSTREAM	NON_CODING	lncRNA	-1	0	-1	-1	2	DEL	chr5	1	1	p13.3	0	2	0.9560
73	47	false	LINC02109	ENST00000658190	true	Downstream	true	false	0.9800	INTRONIC	NON_CODING	lncRNA	-1	2	-1	199427	2	DEL	chr5	-1	1	p13.3	1	2	0.9560
74	47	false	SUCLG2P4	ENST00000514739	true	Downstream	false	false	0.9800	UPSTREAM	NON_CODING	processed_pseudogene	-1	2	-1	39624	2	DEL	chr5	-1	1	p13.3	0	2	0.9560
75	51	true	RUFY1	ENST00000319449	true	Upstream	false	false	0.8400	UPSTREAM	CODING	protein_coding	1	0	1	-1	18	DEL	chr5	1	1	q35.3	0	2	1.1641
76	51	true	PRDX2P3	ENST00000515779	true	Upstream	false	false	0.8400	UPSTREAM	NON_CODING	processed_pseudogene	-1	0	-1	-23015	1	DEL	chr5	1	1	q35.3	0	1	1.1641
77	51	false	RUFY1	ENST00000319449	true	Downstream	false	false	0.8400	UPSTREAM	CODING	protein_coding	1	2	1	13704	18	DEL	chr5	-1	1	q35.3	0	2	1.1641
78	51	false	PRDX2P3	ENST00000515779	true	Downstream	false	false	0.8400	UPSTREAM	NON_CODING	processed_pseudogene	-1	1	-1	25835	1	DEL	chr5	-1	1	q35.3	0	1	1.1641
79	56	true	VENTXP4	ENST00000449029	true	Upstream	false	false	8.0100	UPSTREAM	NON_CODING	processed_pseudogene	-1	0	-1	-1	1	BND	chr3	-1	-1	p24.1	0	1	3.9611
80	56	false	H1-6	ENST00000338379	true	Upstream	false	false	3.8900	UPSTREAM	UTR_5P	protein_coding	-1	0	-1	-78677	1	BND	chr6	-1	-1	p22.2	0	1	3.9611
81	56	false	H2BC4	ENST00000314332	true	Upstream	false	false	3.8900	UPSTREAM	CODING	protein_coding	-1	0	-1	-1	2	BND	chr6	-1	-1	p22.2	0	2	3.9611
82	56	false	H4C4	ENST00000614247	true	Upstream	false	false	3.8900	UPSTREAM	UTR_5P	protein_coding	0	0	0	84665	1	BND	chr6	-1	-1	p22.2	0	1	3.9611
83	56	false	H1-12P	ENST00000404269	true	Downstream	false	false	3.8900	UPSTREAM	NON_CODING	unprocessed_pseudogene	-1	2	-1	2470	2	BND	chr6	-1	1	p22.2	0	2	3.9611
84	56	false	H2BC7	ENST00000356530	true	Downstream	false	false	3.8900	UPSTREAM	UTR_5P	protein_coding	-1	1	-1	5708	1	BND	chr6	-1	1	p22.2	0	1	3.9611
85	56	false	H4C5	ENST00000615164	true	Downstream	false	false	3.8900	UPSTREAM	UTR_5P	protein_coding	-1	1	-1	10740	1	BND	chr6	-1	1	p22.2	0	1	3.9611
86	56	false	H2AC8	ENST00000303910	true	Downstream	false	false	3.8900	UPSTREAM	UTR_5P	protein_coding	-1	1	-1	23163	1	BND	chr6	-1	1	p22.2	0	1	3.9611
87	56	false	H3C5P	ENST00000611953	true	Downstream	false	false	3.8900	UPSTREAM	NON_CODING	unprocessed_pseudogene	-1	1	-1	25233	1	BND	chr6	-1	1	p22.2	0	1	3.9611
88	56	false	H3C6	ENST00000614911	true	Downstream	false	false	3.8900	UPSTREAM	UTR_5P	protein_coding	-1	1	-1	31323	1	BND	chr6	-1	1	p22.2	0	1	3.9611
89	56	false	H2AC9P	ENST00000403259	true	Downstream	false	false	3.8900	UPSTREAM	NON_CODING	unprocessed_pseudogene	-1	1	-1	39310	1	BND	chr6	-1	1	p22.2	0	1	3.9611
90	56	false	H4C6	ENST00000244537	true	Downstream	false	false	3.8900	UPSTREAM	UTR_5P	protein_coding	0	1	0	46581	1	BND	chr6	-1	1	p22.2	0	1	3.9611
91	56	false	H2BC9	ENST00000619466	true	Downstream	false	false	3.8900	UPSTREAM	UTR_5P	protein_coding	-1	1	-1	57839	1	BND	chr6	-1	1	p22.2	0	1	3.9611
92	56	false	H2BC10	ENST00000377733	true	Downstream	false	false	3.8900	UPSTREAM	UTR_5P	protein_coding	0	1	0	79119	1	BND	chr6	-1	1	p22.2	0	1	3.9611
93	57	true	H1-6	ENST00000338379	true	Downstream	false	false	5.2800	UPSTREAM	UTR_5P	protein_coding	-1	1	-1	85754	1	INV	chr6	1	-1	p22.2	0	1	1.7932
94	57	true	H2BC4	ENST00000314332	true	Downstream	false	false	5.2800	UPSTREAM	CODING	protein_coding	-1	2	-1	69979	2	INV	chr6	1	-1	p22.2	0	2	1.7932
95	57	true	H4C4	ENST00000614247	true	Downstream	false	false	5.2800	UPSTREAM	UTR_5P	protein_coding	0	1	0	4777	1	INV	chr6	1	-1	p22.2	0	1	1.7932
96	57	true	H1-12P	ENST00000404269	true	Upstream	false	false	5.2800	UPSTREAM	NON_CODING	unprocessed_pseudogene	-1	0	-1	10582	2	INV	chr6	1	1	p22.2	0	2	1.7932
97	57	true	H2BC7	ENST00000356530	true	Upstream	false	false	5.2800	UPSTREAM	UTR_5P	protein_coding	-1	0	-1	-2393	1	INV	chr6	1	1	p22.2	0	1	1.7932
98	57	true	H4C5	ENST00000615164	true	Upstream	false	false	5.2800	UPSTREAM	UTR_5P	protein_coding	-1	0	-1	-2393	1	INV	chr6	1	1	p22.2	0	1	1.7932
99	57	true	H2AC8	ENST00000303910	true	Upstream	false	false	5.2800	UPSTREAM	UTR_5P	protein_coding	-1	0	-1	-2393	1	INV	chr6	1	1	p22.2	0	1	1.7932
100	57	true	H3C5P	ENST00000611953	true	Upstream	false	false	5.2800	UPSTREAM	NON_CODING	unprocessed_pseudogene	-1	0	-1	-2393	1	INV	chr6	1	1	p22.2	0	1	1.7932
101	57	true	H3C6	ENST00000614911	true	Upstream	false	false	5.2800	UPSTREAM	UTR_5P	protein_coding	-1	0	-1	-31013	1	INV	chr6	1	1	p22.2	0	1	1.7932
102	57	true	H2AC9P	ENST00000403259	true	Upstream	false	false	5.2800	UPSTREAM	NON_CODING	unprocessed_pseudogene	-1	0	-1	-31013	1	INV	chr6	1	1	p22.2	0	1	1.7932
103	57	true	H4C6	ENST00000244537	true	Upstream	false	false	5.2800	UPSTREAM	UTR_5P	protein_coding	0	0	0	-31013	1	INV	chr6	1	1	p22.2	0	1	1.7932
104	57	true	H2BC9	ENST00000619466	true	Upstream	false	false	5.2800	UPSTREAM	UTR_5P	protein_coding	-1	0	-1	-31013	1	INV	chr6	1	1	p22.2	0	1	1.7932
105	57	true	H2BC10	ENST00000377733	true	Upstream	false	false	5.2800	UPSTREAM	UTR_5P	protein_coding	0	0	0	-31013	1	INV	chr6	1	1	p22.2	0	1	1.7932
106	57	false	H1-6	ENST00000338379	true	Downstream	false	false	3.8300	UPSTREAM	UTR_5P	protein_coding	-1	1	-1	86043	1	INV	chr6	1	-1	p22.2	0	1	1.7932
107	57	false	H2BC4	ENST00000314332	true	Downstream	false	false	3.8300	UPSTREAM	CODING	protein_coding	-1	2	-1	70268	2	INV	chr6	1	-1	p22.2	0	2	1.7932
108	57	false	H4C4	ENST00000614247	true	Downstream	false	false	3.8300	UPSTREAM	UTR_5P	protein_coding	0	1	0	5066	1	INV	chr6	1	-1	p22.2	0	1	1.7932
109	57	false	H1-12P	ENST00000404269	true	Upstream	false	false	3.8300	UPSTREAM	NON_CODING	unprocessed_pseudogene	-1	0	-1	10871	2	INV	chr6	1	1	p22.2	0	2	1.7932
110	57	false	H2BC7	ENST00000356530	true	Upstream	false	false	3.8300	UPSTREAM	UTR_5P	protein_coding	-1	0	-1	-2104	1	INV	chr6	1	1	p22.2	0	1	1.7932
111	57	false	H4C5	ENST00000615164	true	Upstream	false	false	3.8300	UPSTREAM	UTR_5P	protein_coding	-1	0	-1	-2104	1	INV	chr6	1	1	p22.2	0	1	1.7932
112	57	false	H2AC8	ENST00000303910	true	Upstream	false	false	3.8300	UPSTREAM	UTR_5P	protein_coding	-1	0	-1	-2104	1	INV	chr6	1	1	p22.2	0	1	1.7932
113	57	false	H3C5P	ENST00000611953	true	Upstream	false	false	3.8300	UPSTREAM	NON_CODING	unprocessed_pseudogene	-1	0	-1	-2104	1	INV	chr6	1	1	p22.2	0	1	1.7932
114	57	false	H3C6	ENST00000614911	true	Upstream	false	false	3.8300	UPSTREAM	UTR_5P	protein_coding	-1	0	-1	-30724	1	INV	chr6	1	1	p22.2	0	1	1.7932
115	57	false	H2AC9P	ENST00000403259	true	Upstream	false	false	3.8300	UPSTREAM	NON_CODING	unprocessed_pseudogene	-1	0	-1	-30724	1	INV	chr6	1	1	p22.2	0	1	1.7932
116	57	false	H4C6	ENST00000244537	true	Upstream	false	false	3.8300	UPSTREAM	UTR_5P	protein_coding	0	0	0	-30724	1	INV	chr6	1	1	p22.2	0	1	1.7932
117	57	false	H2BC9	ENST00000619466	true	Upstream	false	false	3.8300	UPSTREAM	UTR_5P	protein_coding	-1	0	-1	-30724	1	INV	chr6	1	1	p22.2	0	1	1.7932
118	57	false	H2BC10	ENST00000377733	true	Upstream	false	false	3.8300	UPSTREAM	UTR_5P	protein_coding	0	0	0	-30724	1	INV	chr6	1	1	p22.2	0	1	1.7932
119	60	true	EYS	ENST00000503581	true	Downstream	true	false	2.8780	INTRONIC	CODING	protein_coding	1	27	1	149131	43	SGL	chr6	1	-1	q12	26	27	0.6886
120	68	true	MIR3147	ENST00000577811	true	Upstream	false	false	1.9200	UPSTREAM	NON_CODING	miRNA	-1	0	-1	-1	1	DEL	chr7	1	1	p11.2	0	1	1.4800
121	68	true	SAPCD2P2	ENST00000431719	true	Upstream	false	false	1.9200	UPSTREAM	NON_CODING	processed_pseudogene	-1	0	-1	-1	1	DEL	chr7	1	1	p11.2	0	1	1.4800
122	68	true	ZNF716	ENST00000420713	true	Upstream	false	false	1.9200	UPSTREAM	CODING	protein_coding	0	0	0	-1	4	DEL	chr7	1	1	p11.2	0	2	1.4800
123	68	false	VN1R28P	ENST00000452517	true	Upstream	false	false	1.9200	UPSTREAM	NON_CODING	unitary_pseudogene	-1	0	-1	-1	1	DEL	chr7	-1	-1	p11.2	0	1	1.4800
124	68	false	ZNF716	ENST00000420713	true	Downstream	false	false	1.9200	UPSTREAM	CODING	protein_coding	0	2	0	26056	4	DEL	chr7	-1	1	p11.2	0	2	1.4800
125	72	true	MAGI2	ENST00000354212	true	Downstream	true	false	3.0460	INTRONIC	CODING	protein_coding	2	8	2	6479	22	DEL	chr7	1	-1	q21.11	7	8	0.6315
126	72	true	RPL13AP17	ENST00000421208	true	Upstream	false	false	3.0460	UPSTREAM	NON_CODING	transcribed_processed_pseudogene	-1	0	-1	-5754	1	DEL	chr7	1	1	q21.11	0	1	0.6315
127	72	false	MAGI2	ENST00000354212	true	Upstream	true	false	3.0420	INTRONIC	CODING	protein_coding	1	6	1	36829	22	DEL	chr7	-1	-1	q21.11	6	7	0.6315
128	73	true	MAGI2	ENST00000354212	true	Downstream	true	false	2.9900	INTRONIC	CODING	protein_coding	1	4	1	39244	22	DEL	chr7	1	-1	q21.11	3	4	0.7017
129	73	false	MAGI2	ENST00000354212	true	Upstream	true	false	2.9900	INTRONIC	CODING	protein_coding	1	2	1	378720	22	DEL	chr7	-1	-1	q21.11	2	3	0.7017
130	74	false	SOCS5P1	ENST00000440415	true	Downstream	false	false	4.0090	UPSTREAM	NON_CODING	processed_pseudogene	-1	1	-1	6651	1	DUP	chr7	1	-1	q21.11	0	1	0.6891
131	75	true	LHFPL3	ENST00000424859	true	Downstream	true	false	4.0100	INTRONIC	CODING	protein_coding	1	3	1	61566	3	DUP	chr7	-1	1	q22.2	2	3	1.7018
132	75	true	LHFPL3-AS1	ENST00000449764	true	Upstream	false	false	4.0100	UPSTREAM	NON_CODING	lncRNA	-1	0	-1	51443	7	DUP	chr7	-1	-1	q22.2	0	2	1.7018
133	75	true	RN7SL8P	ENST00000461771	true	Downstream	false	false	4.0100	UPSTREAM	NON_CODING	misc_RNA	-1	1	-1	67307	1	DUP	chr7	-1	1	q22.3	0	1	1.7018
134	75	false	LHFPL3-AS2	ENST00000631061	true	Downstream	false	false	4.0400	UPSTREAM	NON_CODING	lncRNA	-1	2	-1	45209	4	DUP	chr7	1	-1	q22.2	0	2	1.7018
135	75	false	LINC01004	ENST00000450686	true	Downstream	true	false	4.0400	INTRONIC	NON_CODING	lncRNA	-1	2	-1	17948	3	DUP	chr7	1	-1	q22.3	1	2	1.7018
136	75	false	KMT2E	ENST00000311117	true	Upstream	false	false	4.0400	UPSTREAM	UTR_5P	protein_coding	-1	0	-1	-1	27	DUP	chr7	1	1	q22.3	0	2	1.7018
137	76	true	IMMP2L	ENST00000405709	true	Downstream	false	false	3.7040	INTRONIC	CODING	protein_coding	0	6	0	89555	6	DEL	chr7	1	-1	q31.1	5	6	0.3347
138	76	false	IMMP2L	ENST00000405709	true	Upstream	false	false	3.7110	INTRONIC	CODING	protein_coding	0	5	0	132188	6	DEL	chr7	-1	-1	q31.1	5	6	0.3347
139	78	false	GRM8	ENST00000339582	true	Upstream	true	false	3.9830	INTRONIC	CODING	protein_coding	0	9	0	6105	11	DEL	chr7	-1	-1	q31.33	9	10	1.8521
140	79	true	GRM8	ENST00000339582	true	Upstream	true	false	1.9700	INTRONIC	CODING	protein_coding	0	9	0	74517	11	INV	chr7	-1	-1	q31.33	9	10	1.9256
141	79	false	GRM8	ENST00000339582	true	Upstream	true	false	5.3044	INTRONIC	CODING	protein_coding	0	9	0	5563	11	INV	chr7	-1	-1	q31.33	9	10	1.9256
142	80	true	GRM8	ENST00000339582	true	Downstream	true	false	6.0259	INTRONIC	CODING	protein_coding	0	10	0	81018	11	SGL	chr7	1	-1	q31.33	9	10	1.2041
143	83	true	ARHGEF35	ENST00000378115	true	Downstream	false	false	3.7800	UPSTREAM	UTR_5P	protein_coding	-1	2	-1	60167	2	INF	chr7	1	-1	q35	0	2	2.2500
144	83	true	ARHGEF35-AS1	ENST00000460955	true	Upstream	false	false	3.7800	INTRONIC	NON_CODING	lncRNA	-1	2	-1	48196	3	INF	chr7	1	1	q35	2	3	2.2500
145	83	true	OR2A42	ENST00000641810	true	Downstream	false	false	3.7800	UPSTREAM	UTR_5P	protein_coding	-1	2	-1	16395	3	INF	chr7	1	-1	q35	0	2	2.2500
146	83	true	OR2A20P	ENST00000496731	true	Downstream	false	false	3.7800	UPSTREAM	NON_CODING	transcribed_unprocessed_pseudogene	-1	1	-1	4397	1	INF	chr7	1	-1	q35	0	1	2.2500
147	83	true	OR2A9P	ENST00000484189	true	Upstream	false	false	3.7800	UPSTREAM	NON_CODING	transcribed_unprocessed_pseudogene	-1	0	-1	-43366	1	INF	chr7	1	1	q35	0	1	2.2500
148	83	true	OR2A1	ENST00000641044	true	Upstream	false	false	3.7800	UPSTREAM	UTR_5P	protein_coding	-1	0	-1	-43366	2	INF	chr7	1	1	q35	0	2	2.2500
149	83	true	ARHGEF5	ENST00000056217	true	Upstream	false	false	3.7800	UPSTREAM	UTR_5P	protein_coding	-1	0	-1	-62121	15	INF	chr7	1	1	q35	0	2	2.2500
150	84	true	OR2A1-AS1	ENST00000496968	true	Upstream	false	false	3.7800	UPSTREAM	NON_CODING	lncRNA	-1	0	-1	5840	5	SGL	chr7	-1	-1	q35	0	2	2.1591
151	84	true	RNU6ATAC40P	ENST00000408580	true	Downstream	false	false	3.7800	UPSTREAM	NON_CODING	snRNA	-1	1	-1	59980	1	SGL	chr7	-1	1	q35	0	1	2.1591
152	85	true	OR2A1-AS1	ENST00000496968	true	Downstream	false	false	3.9700	UPSTREAM	NON_CODING	lncRNA	-1	2	-1	37852	5	SGL	chr7	1	-1	q35	0	2	1.9313
153	85	true	RNU6ATAC40P	ENST00000408580	true	Upstream	false	false	3.9700	UPSTREAM	NON_CODING	snRNA	-1	0	-1	13473	1	SGL	chr7	1	1	q35	0	1	1.9313
154	91	false	LINC01608	ENST00000658597	true	Upstream	false	false	3.1690	UPSTREAM	NON_CODING	lncRNA	-1	0	-1	42515	4	INV	chr8	-1	-1	q23.2	0	2	0.1259
155	92	false	LINC01608	ENST00000658597	true	Downstream	false	false	3.1680	UPSTREAM	NON_CODING	lncRNA	-1	2	-1	23502	4	DUP	chr8	1	-1	q23.2	0	2	0.1211
156	93	true	LINC01608	ENST00000658597	true	Downstream	false	false	3.1730	UPSTREAM	NON_CODING	lncRNA	-1	2	-1	22591	4	DEL	chr8	1	-1	q23.2	0	2	0.1870
157	93	false	LINC01608	ENST00000658597	true	Upstream	false	false	3.1630	UPSTREAM	NON_CODING	lncRNA	-1	0	-1	42145	4	DEL	chr8	-1	-1	q23.2	0	2	0.1870
158	95	true	ASAP1	ENST00000518721	true	Upstream	true	false	3.3570	INTRONIC	CODING	protein_coding	1	4	1	1052	30	DUP	chr8	-1	-1	q24.21	4	5	0.7201
159	95	false	ASAP1	ENST00000518721	true	Downstream	true	false	3.3630	INTRONIC	CODING	protein_coding	0	4	0	25406	30	DUP	chr8	1	-1	q24.21	3	4	0.7201
160	96	true	LINGO2	ENST00000379992	true	Upstream	true	false	1.3330	INTRONIC	UTR_5P	protein_coding	-1	4	-1	263343	6	INV	chr9	-1	-1	p21.1	4	5	0.5934
161	96	false	LINGO2	ENST00000379992	true	Upstream	true	false	1.4350	INTRONIC	UTR_5P	protein_coding	-1	4	-1	260739	6	INV	chr9	-1	-1	p21.1	4	5	0.5934
162	97	true	LINGO2	ENST00000379992	true	Downstream	true	false	1.3380	INTRONIC	UTR_5P	protein_coding	-1	5	-1	19432	6	INV	chr9	1	-1	p21.1	4	5	0.9505
163	97	false	LINGO2	ENST00000379992	true	Downstream	true	false	1.0100	INTRONIC	UTR_5P	protein_coding	-1	5	-1	46737	6	INV	chr9	1	-1	p21.1	4	5	0.9505
164	98	true	LINGO2	ENST00000379992	true	Downstream	false	false	1.4280	INTRONIC	UTR_5P	protein_coding	-1	5	-1	21895	6	DEL	chr9	1	-1	p21.1	4	5	0.8949
165	98	false	LINGO2	ENST00000379992	true	Upstream	false	false	1.0090	INTRONIC	UTR_5P	protein_coding	-1	4	-1	137514	6	DEL	chr9	-1	-1	p21.1	4	5	0.8949
166	106	true	ITGB1	ENST00000302278	true	Downstream	false	false	1.9950	UPSTREAM	UTR_5P	protein_coding	-1	2	-1	139295	16	DEL	chr10	1	-1	p11.22	0	2	0.7671
167	106	true	MTND4LP11	ENST00000422184	true	Downstream	false	false	1.9950	UPSTREAM	NON_CODING	processed_pseudogene	-1	1	-1	73878	1	DEL	chr10	1	-1	p11.22	0	1	0.7671
168	106	true	RN7SL847P	ENST00000582819	true	Downstream	false	false	1.9950	UPSTREAM	NON_CODING	misc_RNA	-1	1	-1	62601	1	DEL	chr10	1	-1	p11.22	0	1	0.7671
169	106	true	RPL7AP53	ENST00000468834	true	Downstream	false	false	1.9950	UPSTREAM	NON_CODING	processed_pseudogene	-1	1	-1	39118	1	DEL	chr10	1	-1	p11.22	0	1	0.7671
170	106	true	IATPR	ENST00000414308	true	Downstream	true	false	1.9950	INTRONIC	NON_CODING	lncRNA	-1	2	-1	919	2	DEL	chr10	1	-1	p11.22	1	2	0.7671
171	107	true	SELENOF	ENST00000331835	true	Downstream	true	false	2.0040	INTRONIC	CODING	protein_coding	1	4	1	3226	5	BND	chr1	1	-1	p22.3	3	4	0.7021
172	107	true	HS2ST1	ENST00000370550	true	Upstream	false	false	2.0040	UPSTREAM	CODING	protein_coding	1	0	1	-1	7	BND	chr1	1	1	p22.3	0	2	0.7021
173	109	true	RARB	ENST00000330688	true	Upstream	false	false	8.0100	UPSTREAM	CODING	protein_coding	1	0	1	-1	8	BND	chr3	1	1	p24.2	0	2	1.5387
174	109	true	RNA5SP126	ENST00000365092	true	Downstream	false	false	8.0100	UPSTREAM	NON_CODING	rRNA_pseudogene	-1	1	-1	7176	1	BND	chr3	1	-1	p24.2	0	1	1.5387
175	109	false	BICC1	ENST00000373886	true	Downstream	true	false	1.9900	INTRONIC	CODING	protein_coding	1	4	1	67537	21	BND	chr10	-1	1	q21.1	3	4	1.5387
176	111	true	NRG3	ENST00000372141	true	Upstream	false	false	1.8100	INTRONIC	CODING	protein_coding	1	1	1	5887	9	DEL	chr10	1	1	q23.1	1	2	0.1978
177	111	false	NRG3	ENST00000372141	true	Downstream	false	false	1.8190	INTRONIC	CODING	protein_coding	1	2	1	290829	9	DEL	chr10	-1	1	q23.1	1	2	0.1978
178	112	false	LRIT2	ENST00000372113	true	Downstream	false	false	2.0085	UPSTREAM	CODING	protein_coding	2	2	2	72125	3	INV	chr10	1	-1	q23.1	0	2	0.0055
179	112	false	LRIT1	ENST00000372105	true	Downstream	false	false	2.0085	UPSTREAM	CODING	protein_coding	2	2	2	56123	4	INV	chr10	1	-1	q23.1	0	2	0.0055
180	112	false	CCSER2	ENST00000372088	true	Upstream	false	false	2.0085	UPSTREAM	UTR_5P	protein_coding	-1	0	-1	4423	10	INV	chr10	1	1	q23.1	0	2	0.0055
181	112	false	TNPO1P1	ENST00000423641	true	Upstream	false	false	2.0085	UPSTREAM	NON_CODING	processed_pseudogene	-1	0	-1	-75950	1	INV	chr10	1	1	q23.1	0	1	0.0055
182	113	true	ATAD1	ENST00000680024	true	Downstream	false	false	0.0000	UPSTREAM	UTR_5P	protein_coding	-1	2	-1	122316	10	DEL	chr10	1	-1	q23.31	0	2	1.6952
183	113	true	KLLN	ENST00000445946	true	Downstream	false	false	0.0000	UPSTREAM	UTR_5P	protein_coding	-1	1	-1	77009	1	DEL	chr10	1	-1	q23.31	0	1	1.6952
184	113	true	PTEN	ENST00000371953	true	Upstream	true	true	0.0000	INTRONIC	CODING	protein_coding	0	5	0	7291	9	DEL	chr10	1	1	q23.31	5	6	1.6952
185	113	true	RPL11P3	ENST00000395256	true	Upstream	false	false	0.0000	UPSTREAM	NON_CODING	processed_pseudogene	-1	0	-1	7529	1	DEL	chr10	1	1	q23.31	0	1	1.6952
186	113	false	KLLN	ENST00000445946	true	Upstream	false	false	0.0000	UPSTREAM	UTR_5P	protein_coding	-1	0	-1	-1	1	DEL	chr10	-1	-1	q23.31	0	1	1.6952
187	113	false	PTEN	ENST00000371953	true	Downstream	true	true	0.0000	INTRONIC	CODING	protein_coding	1	7	1	5269	9	DEL	chr10	-1	1	q23.31	6	7	1.6952
188	116	false	LRRC4C	ENST00000528697	true	Downstream	false	false	2.9280	INTRONIC	UTR_5P	protein_coding	-1	3	-1	189411	7	INV	chr11	1	-1	p12	2	3	0.1842
189	117	false	LRRC4C	ENST00000528697	true	Upstream	false	false	2.9310	INTRONIC	UTR_5P	protein_coding	-1	2	-1	95326	7	INV	chr11	-1	-1	p12	2	3	0.1450
190	120	true	LINC01964	ENST00000650835	true	Upstream	false	false	3.0220	UPSTREAM	NON_CODING	lncRNA	-1	0	-1	-1	2	BND	chr2	-1	-1	p11.2	0	2	0.1097
191	120	true	LSM3P3	ENST00000436601	true	Upstream	false	false	3.0220	UPSTREAM	NON_CODING	processed_pseudogene	-1	0	-1	-1	1	BND	chr2	-1	-1	p11.2	0	1	0.1097
192	120	true	TCF7L1	ENST00000282111	true	Downstream	false	false	3.0220	UPSTREAM	CODING	protein_coding	0	2	0	25768	12	BND	chr2	-1	1	p11.2	0	2	0.1097
193	120	true	TCF7L1-IT1	ENST00000433581	true	Downstream	false	false	3.0220	UPSTREAM	NON_CODING	lncRNA	-1	2	-1	78938	2	BND	chr2	-1	1	p11.2	0	2	0.1097
194	120	true	RNU6-674P	ENST00000363831	true	Downstream	false	false	3.0220	UPSTREAM	NON_CODING	snRNA	-1	1	-1	96678	1	BND	chr2	-1	1	p11.2	0	1	0.1097
195	120	false	TENM4	ENST00000278550	true	Upstream	false	false	2.8248	UPSTREAM	UTR_5P	protein_coding	-1	0	-1	-1	34	BND	chr11	-1	-1	q14.1	0	2	0.1097
196	120	false	MIR708	ENST00000390708	true	Upstream	false	false	2.8248	UPSTREAM	NON_CODING	miRNA	-1	0	-1	-1	1	BND	chr11	-1	-1	q14.1	0	1	0.1097
197	120	false	MIR5579	ENST00000580400	true	Upstream	false	false	2.8248	UPSTREAM	NON_CODING	miRNA	-1	0	-1	-1	1	BND	chr11	-1	-1	q14.1	0	1	0.1097
198	121	true	LINC01964	ENST00000650835	true	Downstream	false	false	2.9970	UPSTREAM	NON_CODING	lncRNA	-1	2	-1	41072	2	BND	chr2	1	-1	p11.2	0	2	0.1262
199	121	true	LSM3P3	ENST00000436601	true	Downstream	false	false	2.9970	UPSTREAM	NON_CODING	processed_pseudogene	-1	1	-1	5725	1	BND	chr2	1	-1	p11.2	0	1	0.1262
200	121	true	TCF7L1	ENST00000282111	true	Upstream	false	false	2.9970	UPSTREAM	CODING	protein_coding	0	0	0	55271	12	BND	chr2	1	1	p11.2	0	2	0.1262
201	121	true	TCF7L1-IT1	ENST00000433581	true	Upstream	false	false	2.9970	UPSTREAM	NON_CODING	lncRNA	-1	0	-1	-58501	2	BND	chr2	1	1	p11.2	0	2	0.1262
202	121	true	RNU6-674P	ENST00000363831	true	Upstream	false	false	2.9970	UPSTREAM	NON_CODING	snRNA	-1	0	-1	-78767	1	BND	chr2	1	1	p11.2	0	1	0.1262
203	121	false	TENM4	ENST00000278550	true	Downstream	false	false	2.7933	UPSTREAM	UTR_5P	protein_coding	-1	2	-1	39553	34	BND	chr11	1	-1	q14.1	0	2	0.1262
204	121	false	MIR708	ENST00000390708	true	Downstream	false	false	2.7933	UPSTREAM	NON_CODING	miRNA	-1	1	-1	78474	1	BND	chr11	1	-1	q14.1	0	1	0.1262
205	121	false	MIR5579	ENST00000580400	true	Downstream	false	false	2.7933	UPSTREAM	NON_CODING	miRNA	-1	1	-1	58357	1	BND	chr11	1	-1	q14.1	0	1	0.1262
206	127	true	RARB	ENST00000330688	true	Upstream	false	false	9.2600	UPSTREAM	CODING	protein_coding	1	0	1	-1	8	BND	chr3	1	1	p24.2	0	2	2.4119
207	127	true	RNA5SP126	ENST00000365092	true	Downstream	false	false	9.2600	UPSTREAM	NON_CODING	rRNA_pseudogene	-1	1	-1	6719	1	BND	chr3	1	-1	p24.2	0	1	2.4119
208	127	false	TRHDE	ENST00000261180	true	Downstream	true	false	3.0200	EXONIC	CODING	protein_coding	2	2	2	13569	19	BND	chr12	-1	1	q21.1	1	1	2.4119
209	127	false	TRHDE-AS1	ENST00000663912	true	Upstream	true	false	3.0200	INTRONIC	NON_CODING	lncRNA	-1	1	-1	3709	4	BND	chr12	-1	-1	q21.1	1	2	2.4119
210	128	true	BICC1	ENST00000373886	true	Upstream	true	false	2.0200	INTRONIC	CODING	protein_coding	1	3	1	15519	21	BND	chr10	1	1	q21.1	3	4	1.4930
211	128	false	TRHDE	ENST00000261180	true	Upstream	true	false	3.0300	EXONIC	CODING	protein_coding	-1	0	-1	924	19	BND	chr12	1	1	q21.1	1	1	1.4930
212	128	false	TRHDE-AS1	ENST00000663912	true	Downstream	true	false	3.0300	INTRONIC	NON_CODING	lncRNA	-1	2	-1	8673	4	BND	chr12	1	-1	q21.1	1	2	1.4930
213	130	true	TMEM132D	ENST00000422113	true	Downstream	false	false	1.0400	INTRONIC	CODING	protein_coding	0	5	0	77569	9	SGL	chr12	1	-1	q24.33	4	5	1.9701
214	131	true	TMEM132D	ENST00000422113	true	Upstream	false	false	1.0400	INTRONIC	CODING	protein_coding	0	4	0	50399	9	SGL	chr12	-1	-1	q24.33	4	5	1.9529
215	133	true	DIAPH3	ENST00000400324	true	Upstream	false	false	3.1580	INTRONIC	CODING	protein_coding	1	13	1	876	28	SGL	chr13	-1	-1	q21.2	13	14	0.1829
216	133	true	DIAPH3-AS1	ENST00000435636	true	Downstream	false	false	3.1580	UPSTREAM	NON_CODING	lncRNA	-1	2	-1	38028	4	SGL	chr13	-1	1	q21.2	0	2	0.1829
217	139	true	RGS6	ENST00000553525	true	Downstream	false	false	3.0300	INTRONIC	CODING	protein_coding	0	18	0	14476	18	DUP	chr14	-1	1	q24.2	17	18	5.6120
218	139	false	RGS6	ENST00000553525	true	Upstream	false	false	3.0100	INTRONIC	CODING	protein_coding	0	17	0	7944	18	DUP	chr14	1	1	q24.2	17	18	5.6120
219	142	true	ATP13A4	ENST00000342695	true	Downstream	true	false	3.6650	INTRONIC	CODING	protein_coding	0	2	0	26250	30	BND	chr3	1	-1	q29	1	2	0.0547
220	142	true	ATP13A4-AS1	ENST00000431512	true	Upstream	false	false	3.6650	UPSTREAM	NON_CODING	lncRNA	-1	0	-1	-1	2	BND	chr3	1	1	q29	0	2	0.0547
221	142	true	OPA1	ENST00000361510	true	Upstream	false	false	3.6650	UPSTREAM	CODING	protein_coding	2	0	2	-13649	31	BND	chr3	1	1	q29	0	2	0.0547
222	142	false	CATSPERB	ENST00000256343	true	Upstream	true	false	3.0060	INTRONIC	CODING	protein_coding	1	15	1	10175	27	BND	chr14	-1	-1	q32.12	15	16	0.0547
223	142	false	POLR3GP1	ENST00000594073	true	Upstream	false	false	3.0060	UPSTREAM	NON_CODING	transcribed_processed_pseudogene	-1	0	-1	-41258	1	BND	chr14	-1	-1	q32.12	0	1	0.0547
224	142	false	NANOGP7	ENST00000554450	true	Upstream	false	false	3.0060	UPSTREAM	NON_CODING	transcribed_processed_pseudogene	-1	0	-1	-41258	1	BND	chr14	-1	-1	q32.12	0	1	0.0547
225	145	true	GOLGA6L2	ENST00000567107	true	Downstream	false	false	3.1578	UPSTREAM	CODING	protein_coding	0	2	0	14489	8	INF	chr15	1	-1	q11.2	0	2	0.7230
226	146	true	MARCKSL1P2	ENST00000401037	true	Downstream	false	false	2.8800	UPSTREAM	NON_CODING	processed_pseudogene	-1	1	-1	49484	1	BND	chr6	1	-1	q24.1	0	1	1.7900
227	146	true	NHSL1	ENST00000343505	true	Downstream	false	false	2.8800	INTRONIC	CODING	protein_coding	0	4	0	5851	8	BND	chr6	1	-1	q24.1	3	4	1.7900
228	146	true	MIR3145	ENST00000580727	true	Downstream	false	false	2.8800	UPSTREAM	NON_CODING	miRNA	-1	1	-1	17750	1	BND	chr6	1	-1	q24.1	0	1	1.7900
229	146	false	GOLGA6L2	ENST00000567107	true	Downstream	false	false	4.6600	UPSTREAM	CODING	protein_coding	0	2	0	20228	8	BND	chr15	1	-1	q11.2	0	2	1.7900
230	146	false	MKRN3	ENST00000314520	true	Upstream	false	false	4.6600	UPSTREAM	UTR_5P	protein_coding	-1	0	-1	-1	1	BND	chr15	1	1	q11.2	0	1	1.7900
231	147	true	MARCKSL1P2	ENST00000401037	true	Upstream	false	false	2.8800	UPSTREAM	NON_CODING	processed_pseudogene	-1	0	-1	-28106	1	BND	chr6	-1	-1	q24.1	0	1	1.7098
232	147	true	NHSL1	ENST00000343505	true	Upstream	false	false	2.8800	INTRONIC	CODING	protein_coding	0	3	0	20384	8	BND	chr6	-1	-1	q24.1	3	4	1.7098
233	147	true	MIR3145	ENST00000580727	true	Upstream	false	false	2.8800	UPSTREAM	NON_CODING	miRNA	-1	0	-1	-10808	1	BND	chr6	-1	-1	q24.1	0	1	1.7098
234	147	false	GOLGA6L2	ENST00000567107	true	Upstream	false	false	4.6600	UPSTREAM	CODING	protein_coding	0	0	0	-1	8	BND	chr15	-1	-1	q11.2	0	2	1.7098
235	147	false	MKRN3	ENST00000314520	true	Downstream	false	false	4.6600	UPSTREAM	UTR_5P	protein_coding	-1	1	-1	93655	1	BND	chr15	-1	1	q11.2	0	1	1.7098
236	148	true	MIR4508	ENST00000584178	true	Downstream	false	false	3.8800	UPSTREAM	NON_CODING	miRNA	-1	1	-1	24381	1	INV	chr15	1	-1	q11.2	0	1	2.0635
237	148	false	MAGEL2	ENST00000650528	true	Downstream	false	false	2.0100	UPSTREAM	UTR_5P	protein_coding	-1	1	-1	99688	1	INV	chr15	1	-1	q11.2	0	1	2.0635
238	148	false	NDN	ENST00000649030	true	Downstream	false	false	2.0100	UPSTREAM	UTR_5P	protein_coding	-1	1	-1	60250	1	INV	chr15	1	-1	q11.2	0	1	2.0635
239	150	true	EXD1	ENST00000458580	true	Upstream	false	false	2.0100	UPSTREAM	UTR_5P	protein_coding	-1	0	-1	-19247	12	DUP	chr15	-1	-1	q15.1	0	2	2.0173
240	150	true	OIP5	ENST00000220514	true	Upstream	true	false	2.0100	INTRONIC	CODING	protein_coding	2	2	2	2819	5	DUP	chr15	-1	-1	q15.1	2	3	2.0173
241	150	true	NUSAP1	ENST00000559596	true	Downstream	false	false	2.0100	UPSTREAM	CODING	protein_coding	0	2	0	13290	11	DUP	chr15	-1	1	q15.1	0	2	2.0173
242	150	true	RTF1	ENST00000389629	true	Downstream	false	false	2.0100	UPSTREAM	CODING	protein_coding	0	2	0	109225	18	DUP	chr15	-1	1	q15.1	0	2	2.0173
243	150	false	OIP5	ENST00000220514	true	Downstream	false	false	2.0200	UPSTREAM	CODING	protein_coding	1	2	1	3719	5	DUP	chr15	1	-1	q15.1	0	2	2.0173
244	150	false	NUSAP1	ENST00000559596	true	Upstream	true	false	2.0200	INTRONIC	CODING	protein_coding	0	1	0	3260	11	DUP	chr15	1	1	q15.1	1	2	2.0173
245	150	false	RTF1	ENST00000389629	true	Upstream	false	false	2.0200	UPSTREAM	CODING	protein_coding	0	0	0	-43783	18	DUP	chr15	1	1	q15.1	0	2	2.0173
246	152	true	KCNH2	ENST00000262186	true	Downstream	false	false	2.0000	UPSTREAM	CODING	protein_coding	1	2	1	71249	15	BND	chr7	1	-1	q36.1	0	2	1.9987
247	152	true	ATG9B	ENST00000639579	true	Downstream	false	false	2.0000	UPSTREAM	CODING	protein_coding	1	2	1	25071	17	BND	chr7	1	-1	q36.1	0	2	1.9987
248	152	true	ASIC3	ENST00000349064	true	Upstream	true	false	2.0000	INTRONIC	CODING	protein_coding	0	1	0	151	11	BND	chr7	1	1	q36.1	1	2	1.9987
249	152	true	SLC4A2	ENST00000413384	true	Upstream	false	false	2.0000	UPSTREAM	UTR_5P	protein_coding	-1	0	-1	-3077	23	BND	chr7	1	1	q36.1	0	2	1.9987
250	152	true	AGAP3	ENST00000397238	true	Upstream	false	false	2.0000	UPSTREAM	CODING	protein_coding	1	0	1	-26717	18	BND	chr7	1	1	q36.1	0	2	1.9987
251	152	false	UBE2Q2L	ENST00000637567	true	Downstream	false	false	2.0100	UPSTREAM	NON_CODING	transcribed_unprocessed_pseudogene	-1	2	-1	32035	3	BND	chr15	-1	1	q25.2	0	2	1.9987
252	152	false	CSPG4P11	ENST00000560634	true	Downstream	false	false	2.0100	UPSTREAM	NON_CODING	transcribed_unprocessed_pseudogene	-1	2	-1	46684	7	BND	chr15	-1	1	q25.2	0	2	1.9987
253	152	false	GOLGA6L4	ENST00000510439	true	Downstream	false	false	2.0100	UPSTREAM	CODING	protein_coding	0	2	0	95613	9	BND	chr15	-1	1	q25.2	0	2	1.9987
254	155	true	CNOT1	ENST00000317147	true	Downstream	true	false	0.0000	INTRONIC	CODING	protein_coding	0	3	0	1735	49	DEL	chr16	1	-1	q21	2	3	1.7734
255	155	true	SNORA46	ENST00000384762	true	Downstream	false	false	0.0000	UPSTREAM	NON_CODING	snoRNA	-1	1	-1	42008	1	DEL	chr16	1	-1	q21	0	1	1.7734
256	155	true	SNORA50A	ENST00000384225	true	Downstream	false	false	0.0000	UPSTREAM	NON_CODING	snoRNA	-1	1	-1	30712	1	DEL	chr16	1	-1	q21	0	1	1.7734
257	155	false	CNOT1	ENST00000317147	true	Upstream	true	false	0.0000	INTRONIC	UTR_5P	protein_coding	-1	1	-1	301	49	DEL	chr16	-1	-1	q21	1	2	1.7734
258	155	false	SNORA46	ENST00000384762	true	Upstream	false	false	0.0000	UPSTREAM	NON_CODING	snoRNA	-1	0	-1	-79529	1	DEL	chr16	-1	-1	q21	0	1	1.7734
259	155	false	SNORA50A	ENST00000384225	true	Upstream	false	false	0.0000	UPSTREAM	NON_CODING	snoRNA	-1	0	-1	-69065	1	DEL	chr16	-1	-1	q21	0	1	1.7734
260	157	true	WWOX	ENST00000566780	true	Upstream	false	false	0.9500	INTRONIC	CODING	protein_coding	0	8	0	461987	9	DEL	chr16	1	1	q23.1	8	9	1.0444
261	157	false	WWOX	ENST00000566780	true	Downstream	false	false	0.9500	INTRONIC	CODING	protein_coding	0	9	0	150501	9	DEL	chr16	-1	1	q23.1	8	9	1.0444
262	162	true	ITIH5	ENST00000397146	true	Upstream	true	false	1.9580	INTRONIC	CODING	protein_coding	0	7	0	23572	14	BND	chr10	-1	-1	p14	7	8	0.8918
263	162	false	RN7SL862P	ENST00000491550	true	Upstream	false	false	2.0190	UPSTREAM	NON_CODING	misc_RNA	-1	0	-1	-1	1	BND	chr18	-1	-1	p11.22	0	1	0.8918
264	162	false	RNA5SP449	ENST00000516871	true	Upstream	false	false	2.0190	UPSTREAM	NON_CODING	rRNA_pseudogene	-1	0	-1	-1	1	BND	chr18	-1	-1	p11.22	0	1	0.8918
265	162	false	TXNDC2	ENST00000357775	true	Downstream	false	false	2.0190	UPSTREAM	UTR_5P	protein_coding	-1	2	-1	17969	2	BND	chr18	-1	1	p11.22	0	2	0.8918
266	162	false	VAPA	ENST00000400000	true	Downstream	false	false	2.0190	UPSTREAM	CODING	protein_coding	1	2	1	63190	6	BND	chr18	-1	1	p11.22	0	2	0.8918
267	162	false	RNA5SP450	ENST00000411206	true	Downstream	false	false	2.0190	UPSTREAM	NON_CODING	rRNA_pseudogene	-1	1	-1	55300	1	BND	chr18	-1	1	p11.22	0	1	0.8918
268	165	true	TMX3	ENST00000299608	true	Downstream	true	false	2.1430	INTRONIC	CODING	protein_coding	2	3	2	821	16	DEL	chr18	1	-1	q22.1	2	3	0.8735
269	165	true	CCDC102B	ENST00000360242	true	Upstream	false	false	2.1430	UPSTREAM	UTR_5P	protein_coding	-1	0	-1	-41072	8	DEL	chr18	1	1	q22.1	0	2	0.8735
270	165	false	TMX3	ENST00000299608	true	Upstream	false	false	2.1450	UPSTREAM	CODING	protein_coding	1	0	1	-1	16	DEL	chr18	-1	-1	q22.1	0	2	0.8735
271	165	false	CCDC102B	ENST00000360242	true	Downstream	false	false	2.1450	UPSTREAM	UTR_5P	protein_coding	-1	2	-1	121159	8	DEL	chr18	-1	1	q22.1	0	2	0.8735
272	168	true	LINC02665	ENST00000420049	true	Downstream	false	false	2.0060	UPSTREAM	NON_CODING	lncRNA	-1	2	-1	79577	3	BND	chr10	-1	1	p14	0	2	0.9950
273	168	false	NR2F6	ENST00000291442	true	Downstream	false	false	1.6000	UPSTREAM	CODING	protein_coding	2	2	2	40082	4	BND	chr19	1	-1	p13.11	0	2	0.9950
274	168	false	USHBP1	ENST00000252597	true	Downstream	false	false	1.6000	UPSTREAM	UTR_5P	protein_coding	-1	2	-1	21256	13	BND	chr19	1	-1	p13.11	0	2	0.9950
275	168	false	ANKLE1	ENST00000404085	true	Upstream	true	false	1.6000	INTRONIC	CODING	protein_coding	1	8	1	182	9	BND	chr19	1	1	p13.11	8	9	0.9950
276	168	false	MRPL34	ENST00000252602	true	Upstream	false	false	1.6000	UPSTREAM	CODING	protein_coding	2	0	2	-19830	2	BND	chr19	1	1	p13.11	0	2	0.9950
277	168	false	DDA1	ENST00000359866	true	Upstream	false	false	1.6000	UPSTREAM	CODING	protein_coding	0	0	0	-20241	5	BND	chr19	1	1	p13.11	0	2	0.9950
278	168	false	GTPBP3	ENST00000324894	true	Upstream	false	false	1.6000	UPSTREAM	CODING	protein_coding	2	0	2	-50819	9	BND	chr19	1	1	p13.11	0	2	0.9950
279	169	true	LINC02665	ENST00000420049	true	Upstream	false	false	1.9540	UPSTREAM	NON_CODING	lncRNA	-1	0	-1	-1	3	BND	chr10	1	1	p14	0	2	1.0242
280	169	false	NR2F6	ENST00000291442	true	Upstream	false	false	1.6000	UPSTREAM	CODING	protein_coding	2	0	2	-36419	4	BND	chr19	-1	-1	p13.11	0	2	1.0242
281	169	false	USHBP1	ENST00000252597	true	Upstream	false	false	1.6000	UPSTREAM	UTR_5P	protein_coding	-1	0	-1	-12269	13	BND	chr19	-1	-1	p13.11	0	2	1.0242
282	169	false	ANKLE1	ENST00000404085	true	Downstream	true	false	1.6000	EXONIC	UTR_3P	protein_coding	-2	10	-2	-1	9	BND	chr19	-1	1	p13.11	9	9	1.0242
283	169	false	MRPL34	ENST00000252602	true	Downstream	false	false	1.6000	UPSTREAM	CODING	protein_coding	2	2	2	19333	2	BND	chr19	-1	1	p13.11	0	2	1.0242
284	169	false	DDA1	ENST00000359866	true	Downstream	false	false	1.6000	UPSTREAM	CODING	protein_coding	0	2	0	27190	5	BND	chr19	-1	1	p13.11	0	2	1.0242
285	169	false	GTPBP3	ENST00000324894	true	Downstream	false	false	1.6000	UPSTREAM	CODING	protein_coding	2	2	2	51175	9	BND	chr19	-1	1	p13.11	0	2	1.0242
286	173	true	ISM1	ENST00000262487	true	Upstream	false	false	2.1300	UPSTREAM	CODING	protein_coding	0	0	0	15327	6	DEL	chr20	1	1	p12.1	0	2	2.0847
287	173	false	ISM1	ENST00000262487	true	Downstream	false	false	2.1300	UPSTREAM	CODING	protein_coding	0	2	0	87050	6	DEL	chr20	-1	1	p12.1	0	2	2.0847
288	174	true	MACROD2	ENST00000684519	true	Downstream	false	false	2.2197	INTRONIC	CODING	protein_coding	1	6	1	247630	18	INF	chr20	-1	1	p12.1	5	6	1.0300
289	174	true	MACROD2-AS1	ENST00000664409	true	Upstream	false	false	2.2197	UPSTREAM	NON_CODING	lncRNA	-1	0	-1	-1	2	INF	chr20	-1	-1	p12.1	0	2	1.0300
290	174	true	RNU6-115P	ENST00000364310	true	Downstream	false	false	2.2197	UPSTREAM	NON_CODING	snRNA	-1	1	-1	40542	1	INF	chr20	-1	1	p12.1	0	1	1.0300
291	175	true	MACROD2	ENST00000684519	true	Upstream	false	false	1.6280	INTRONIC	CODING	protein_coding	1	5	1	335018	18	DEL	chr20	1	1	p12.1	5	6	0.9915
292	175	true	MACROD2-AS1	ENST00000664409	true	Downstream	false	false	1.6280	UPSTREAM	NON_CODING	lncRNA	-1	2	-1	90449	2	DEL	chr20	1	-1	p12.1	0	2	0.9915
293	175	true	RNU6-115P	ENST00000364310	true	Upstream	false	false	1.6280	UPSTREAM	NON_CODING	snRNA	-1	0	-1	127274	1	DEL	chr20	1	1	p12.1	0	1	0.9915
294	175	false	MACROD2	ENST00000684519	true	Downstream	false	false	1.6230	INTRONIC	CODING	protein_coding	1	6	1	196743	18	DEL	chr20	-1	1	p12.1	5	6	0.9915
295	175	false	RNU6-1159P	ENST00000362933	true	Upstream	false	false	1.6230	UPSTREAM	NON_CODING	snRNA	-1	0	-1	-1	1	DEL	chr20	-1	-1	p12.1	0	1	0.9915
296	176	true	MACROD2	ENST00000684519	true	Upstream	false	false	2.0000	INTRONIC	CODING	protein_coding	1	5	1	297351	18	DEL	chr20	1	1	p12.1	5	6	1.7803
297	176	true	MACROD2-AS1	ENST00000664409	true	Downstream	false	false	2.0000	UPSTREAM	NON_CODING	lncRNA	-1	2	-1	52782	2	DEL	chr20	1	-1	p12.1	0	2	1.7803
298	176	true	RNU6-115P	ENST00000364310	true	Upstream	false	false	2.0000	UPSTREAM	NON_CODING	snRNA	-1	0	-1	89607	1	DEL	chr20	1	1	p12.1	0	1	1.7803
299	176	false	MACROD2	ENST00000684519	true	Downstream	false	false	2.4100	INTRONIC	CODING	protein_coding	1	6	1	196637	18	DEL	chr20	-1	1	p12.1	5	6	1.7803
300	176	false	RNU6-1159P	ENST00000362933	true	Upstream	false	false	2.4100	UPSTREAM	NON_CODING	snRNA	-1	0	-1	-1	1	DEL	chr20	-1	-1	p12.1	0	1	1.7803
301	177	true	MACROD2	ENST00000684519	true	Upstream	false	false	2.5790	INTRONIC	CODING	protein_coding	1	5	1	323219	18	DEL	chr20	1	1	p12.1	5	6	0.5092
302	177	true	MACROD2-AS1	ENST00000664409	true	Downstream	false	false	2.5790	UPSTREAM	NON_CODING	lncRNA	-1	2	-1	78650	2	DEL	chr20	1	-1	p12.1	0	2	0.5092
303	177	true	RNU6-115P	ENST00000364310	true	Upstream	false	false	2.5790	UPSTREAM	NON_CODING	snRNA	-1	0	-1	115475	1	DEL	chr20	1	1	p12.1	0	1	0.5092
304	177	false	MACROD2	ENST00000684519	true	Downstream	false	false	3.6790	INTRONIC	CODING	protein_coding	1	6	1	101768	18	DEL	chr20	-1	1	p12.1	5	6	0.5092
305	180	true	GOLGA6L2	ENST00000567107	true	Upstream	true	false	3.7070	EXONIC	CODING	protein_coding	0	7	0	757	8	BND	chr15	-1	-1	q11.2	8	8	1.2291
306	180	false	ARHGAP40	ENST00000373345	true	Downstream	true	false	4.0000	INTRONIC	CODING	protein_coding	0	12	0	223	15	BND	chr20	-1	1	q11.23	11	12	1.2291
307	180	false	SLC32A1	ENST00000217420	true	Downstream	false	false	4.0000	UPSTREAM	CODING	protein_coding	0	2	0	81628	2	BND	chr20	-1	1	q11.23	0	2	1.2291
308	181	true	GOLGA6L2	ENST00000567107	true	Upstream	true	false	3.7528	EXONIC	CODING	protein_coding	0	7	0	1222	8	BND	chr15	-1	-1	q11.2	8	8	0.8842
309	181	false	ARHGAP40	ENST00000373345	true	Downstream	true	false	5.2700	INTRONIC	CODING	protein_coding	0	12	0	222	15	BND	chr20	-1	1	q11.23	11	12	0.8842
310	181	false	SLC32A1	ENST00000217420	true	Downstream	false	false	5.2700	UPSTREAM	CODING	protein_coding	0	2	0	81627	2	BND	chr20	-1	1	q11.23	0	2	0.8842
311	182	true	GOLGA6L2	ENST00000567107	true	Upstream	false	false	3.9570	UPSTREAM	CODING	protein_coding	0	0	0	-1	8	BND	chr15	-1	-1	q11.2	0	2	2.7992
312	182	false	ARHGAP40	ENST00000373345	true	Upstream	true	false	4.0200	INTRONIC	CODING	protein_coding	0	11	0	2114	15	BND	chr20	1	1	q11.23	11	12	2.7992
313	182	false	SLC32A1	ENST00000217420	true	Upstream	false	false	4.0200	UPSTREAM	CODING	protein_coding	0	0	0	-4658	2	BND	chr20	1	1	q11.23	0	2	2.7992
314	187	true	LARGE1	ENST00000397394	true	Downstream	true	false	2.9000	INTRONIC	CODING	protein_coding	0	10	0	25462	15	DEL	chr22	1	-1	q12.3	9	10	1.1973
315	187	false	LARGE1	ENST00000397394	true	Upstream	true	false	2.9000	INTRONIC	CODING	protein_coding	1	6	1	122435	15	DEL	chr22	-1	-1	q12.3	6	7	1.1973
316	187	false	MIR4764	ENST00000580680	true	Upstream	false	false	2.9000	UPSTREAM	NON_CODING	miRNA	-1	0	-1	120850	1	DEL	chr22	-1	-1	q12.3	0	1	1.1973
317	190	true	DMD	ENST00000357033	true	Downstream	true	false	1.0030	INTRONIC	CODING	protein_coding	0	70	0	21	79	DEL	chrX	1	-1	p21.1	69	70	0.9323
318	190	false	DMD	ENST00000357033	true	Upstream	true	false	1.0040	INTRONIC	CODING	protein_coding	0	67	0	5867	79	DEL	chrX	-1	-1	p21.1	67	68	0.9323
319	191	true	DMD	ENST00000357033	true	Downstream	true	false	0.9790	INTRONIC	CODING	protein_coding	2	63	2	22070	79	DEL	chrX	1	-1	p21.1	62	63	0.9687
320	191	true	RNU6-894P	ENST00000517094	true	Upstream	false	false	0.9790	UPSTREAM	NON_CODING	snRNA	-1	0	-1	-1	1	DEL	chrX	1	1	p21.2	0	1	0.9687
321	191	false	DMD	ENST00000357033	true	Upstream	true	false	0.9830	INTRONIC	CODING	protein_coding	0	44	0	196283	79	DEL	chrX	-1	-1	p21.1	44	45	0.9687
322	191	false	RNA5SP501	ENST00000410990	true	Downstream	false	false	0.9830	UPSTREAM	NON_CODING	rRNA_pseudogene	-1	1	-1	81432	1	DEL	chrX	-1	1	p21.1	0	1	0.9687
323	193	true	DMD	ENST00000357033	true	Downstream	false	false	0.0800	INTRONIC	CODING	protein_coding	0	45	0	111901	79	DEL	chrX	1	-1	p21.1	44	45	0.8415
324	193	true	RNA5SP501	ENST00000410990	true	Upstream	false	false	0.0800	UPSTREAM	NON_CODING	rRNA_pseudogene	-1	0	-1	-1	1	DEL	chrX	1	1	p21.1	0	1	0.8415
325	193	false	DMD	ENST00000357033	true	Upstream	false	false	0.0710	INTRONIC	CODING	protein_coding	0	44	0	33781	79	DEL	chrX	-1	-1	p21.1	44	45	0.8415
326	193	false	NPM1P8	ENST00000458237	true	Downstream	false	false	0.0710	UPSTREAM	NON_CODING	processed_pseudogene	-1	1	-1	22767	1	DEL	chrX	-1	1	p21.1	0	1	0.8415
327	194	true	DMD	ENST00000357033	true	Downstream	true	false	1.0870	INTRONIC	CODING	protein_coding	0	45	0	91224	79	DEL	chrX	1	-1	p21.1	44	45	0.8990
328	194	true	RNA5SP501	ENST00000410990	true	Upstream	false	false	1.0870	UPSTREAM	NON_CODING	rRNA_pseudogene	-1	0	-1	-1	1	DEL	chrX	1	1	p21.1	0	1	0.8990
329	194	false	DMD	ENST00000357033	true	Upstream	true	false	1.0420	INTRONIC	CODING	protein_coding	2	43	2	12549	79	DEL	chrX	-1	-1	p21.1	43	44	0.8990
330	142	false	CATSPERB	ENST00000557036	false	Upstream	true	false	3.0060	INTRONIC	CODING	nonsense_mediated_decay	0	1	0	20152	13	BND	chr14	-1	-1	q32.12	1	2	0.0547
331	109	true	RARB	ENST00000383772	false	Upstream	true	false	8.0100	INTRONIC	CODING	protein_coding	1	1	1	184993	8	BND	chr3	1	1	p24.2	1	2	1.5387
332	127	true	RARB	ENST00000383772	false	Upstream	true	false	9.2600	INTRONIC	CODING	protein_coding	1	1	1	184536	8	BND	chr3	1	1	p24.2	1	2	2.4119
333	162	true	ITIH5	ENST00000434980	false	Upstream	true	false	1.9580	INTRONIC	NON_CODING	processed_transcript	-1	4	-1	23572	9	BND	chr10	-1	-1	p14	4	5	0.8918
334	162	false	TXNDC2	ENST00000536353	false	Downstream	false	false	2.0190	UPSTREAM	UTR_5P	protein_coding	-1	2	-1	17969	3	BND	chr18	-1	1	p11.22	0	2	0.8918
335	169	false	MRPL34	ENST00000595444	false	Downstream	false	false	1.6000	UPSTREAM	CODING	protein_coding	1	2	1	18998	3	BND	chr19	-1	1	p13.11	0	2	1.0242
