SampleId	ClusterId	ChainId	SvId	Type	ResolvedType	IsSynthetic	ChrStart	ChrEnd	PosStart	PosEnd	OrientStart	OrientEnd	InfoStart	InfoEnd	JunctionCopyNumber	InDoubleMinute
COLO829v003T	50	1	1	DEL	DEL	false	chr1	chr1	117973563	117973599	1	-1	NORMAL	NORMAL	1.3094	false
COLO829v003T	51	1	3	DUP	DUP	false	chr1	chr1	149390803	149390831	-1	1	NORMAL	NORMAL	1.6605	false
COLO829v003T	52	1	8	DEL	DEL	false	chr1	chr1	207807886	207841475	1	-1	NORMAL	NORMAL	0.5158	false
COLO829v003T	54	1	9	DEL	DEL	false	chr1	chr1	224595093	224598332	1	-1	NORMAL	NORMAL	1.6334	false
COLO829v003T	53	1	10	DUP	DUP	false	chr1	chr1	224458901	224612418	-1	1	NORMAL	NORMAL	1.6495	false
COLO829v003T	47	2	15	SGL	COMPLEX	false	chr2	-1	85108549	0	-1	0	NORMAL		0.0373	false
COLO829v003T	57	0	16	INV	PAIR_OTHER	false	chr2	chr2	94278559	94282242	-1	-1	NORMAL	FOLDBACK	0.1680	false
COLO829v003T	57	0	17	DEL	PAIR_OTHER	false	chr2	chr2	94282214	94289920	1	-1	NORMAL	FOLDBACK	0.3031	false
COLO829v003T	25	1	20	INV	COMPLEX	false	chr3	chr3	24523616	24524690	-1	-1	FOLDBACK	FOLDBACK	3.9525	false
COLO829v003T	29	1	22	SGL	SGL	false	chr3	-1	25157914	0	1	0	NORMAL		0.9350	false
COLO829v003T	25	0	23	SGL	COMPLEX	false	chr3	-1	25290093	0	-1	0	NORMAL		2.6813	false
COLO829v003T	25	1	25	INV	COMPLEX	false	chr3	chr3	26622430	26623008	1	1	FOLDBACK	FOLDBACK	4.0838	false
COLO829v003T	33	0	27	DEL	SGL	true	chr3	chr3	60147026	60218815	1	-1	NORMAL	NORMAL	0.8468	false
COLO829v003T	33	0	28	INS	SGL	true	chr3	chr3	60218857	60218858	1	-1	NORMAL	NORMAL	1.6300	false
COLO829v003T	33	0	29	SGL	SGL	true	chr3	-1	60218895	0	1	0	NORMAL		0.1320	false
COLO829v003T	34	1	30	DEL	DEL	false	chr3	chr3	60886452	61027542	1	-1	NORMAL	NORMAL	0.7408	false
COLO829v003T	1	1	34	SGL	LOW_VAF	false	chr3	-1	143428288	0	1	0	NORMAL		0.1551	false
COLO829v003T	35	1	37	DEL	DEL	false	chr3	chr3	186724386	186795844	1	-1	NORMAL	NORMAL	0.2850	false
COLO829v003T	36	2	38	SGL	PAIR_OTHER	false	chr3	-1	193541224	0	-1	0	NORMAL		0.2235	false
COLO829v003T	74	1	41	DUP	DUP	false	chr4	chr4	65346239	65346321	-1	1	NORMAL	NORMAL	7.6211	false
COLO829v003T	0	1	44	BND	LOW_VAF	false	chr2	chr4	134612547	164363771	-1	-1	NORMAL	NORMAL	0.0776	false
COLO829v003T	75	1	46	DUP	DUP	false	chr4	chr4	187075167	187075227	-1	1	NORMAL	NORMAL	6.3790	false
COLO829v003T	23	1	47	DEL	DEL	false	chr5	chr5	28787889	28962989	1	-1	NORMAL	NORMAL	0.9560	false
COLO829v003T	24	1	51	DEL	DEL	false	chr5	chr5	179546287	179546321	1	-1	NORMAL	NORMAL	1.1641	false
COLO829v003T	25	1	56	BND	COMPLEX	false	chr3	chr6	26390427	26193812	-1	-1	NORMAL	NORMAL	3.9611	false
COLO829v003T	25	1	57	INV	COMPLEX	false	chr6	chr6	26193889	26194178	1	1	NORMAL	NORMAL	1.7932	false
COLO829v003T	26	1	60	SGL	SGL	false	chr6	-1	64588483	0	1	0	NORMAL		0.6886	false
COLO829v003T	4	1	66	DEL	DEL	false	chr7	chr7	52372657	52372691	1	-1	NORMAL	NORMAL	2.3731	false
COLO829v003T	5	1	68	DEL	DEL	false	chr7	chr7	57403873	57436404	1	-1	NORMAL	NORMAL	1.4800	false
COLO829v003T	6	1	72	DEL	DEL	false	chr7	chr7	78352522	78452932	1	-1	NORMAL	NORMAL	0.6315	false
COLO829v003T	7	1	73	DEL	DEL	false	chr7	chr7	78560889	78628370	1	-1	NORMAL	NORMAL	0.7017	false
COLO829v003T	8	1	74	DUP	DUP	false	chr7	chr7	86215352	86224384	-1	1	NORMAL	NORMAL	0.6891	false
COLO829v003T	9	1	75	DUP	DUP	false	chr7	chr7	104844621	104971854	-1	1	NORMAL	NORMAL	1.7018	false
COLO829v003T	10	1	76	DEL	DEL	false	chr7	chr7	110753276	110754405	1	-1	NORMAL	NORMAL	0.3347	false
COLO829v003T	11	0	78	DEL	COMPLEX	false	chr7	chr7	126106069	126526847	1	-1	NORMAL	NORMAL	1.8521	false
COLO829v003T	11	2	79	INV	COMPLEX	false	chr7	chr7	126458435	126527389	-1	-1	NORMAL	NORMAL	1.9256	false
COLO829v003T	11	0	80	SGL	COMPLEX	false	chr7	-1	126527390	0	1	0	NORMAL		1.2041	false
COLO829v003T	13	1	83	INF	INF	false	chr7	-1	144256000	0	1	0	NORMAL		2.2500	false
COLO829v003T	14	0	84	SGL	SGL_PAIR_DUP	false	chr7	-1	144391701	0	-1	0	NORMAL		2.1591	false
COLO829v003T	14	0	85	SGL	SGL_PAIR_DUP	false	chr7	-1	144393372	0	1	0	NORMAL		1.9313	false
COLO829v003T	16	0	87	DEL	COMPLEX	false	chr8	chr8	77603298	77605541	1	-1	NORMAL	NORMAL	0.1180	false
COLO829v003T	16	0	88	INV	COMPLEX	false	chr8	chr8	77605541	77606000	1	1	NORMAL	NORMAL	0.0736	false
COLO829v003T	16	0	91	INV	COMPLEX	false	chr8	chr8	77605184	111050983	-1	-1	NORMAL	NORMAL	0.1259	false
COLO829v003T	16	0	92	DUP	COMPLEX	false	chr8	chr8	77606004	111051101	-1	1	NORMAL	NORMAL	0.1211	false
COLO829v003T	16	0	93	DEL	COMPLEX	false	chr8	chr8	111050190	111051353	1	-1	NORMAL	NORMAL	0.1870	false
COLO829v003T	17	1	95	DUP	DUP	false	chr8	chr8	130235870	130262400	-1	1	NORMAL	NORMAL	0.7201	false
COLO829v003T	2	0	96	INV	COMPLEX	false	chr9	chr9	28031865	28034469	-1	-1	NORMAL	NORMAL	0.5934	false
COLO829v003T	2	0	97	INV	COMPLEX	false	chr9	chr9	28031837	28059142	1	1	NORMAL	NORMAL	0.9505	false
COLO829v003T	2	0	98	DEL	COMPLEX	false	chr9	chr9	28034300	28157694	1	-1	NORMAL	NORMAL	0.8949	false
COLO829v003T	3	1	99	SGL	SGL	false	chr9	-1	30338967	0	-1	0	NORMAL		1.7556	false
COLO829v003T	40	0	106	DEL	COMPLEX	false	chr10	chr10	33097525	35830133	1	-1	NORMAL	NORMAL	0.7671	false
COLO829v003T	40	0	107	BND	COMPLEX	false	chr1	chr10	86871328	35830199	1	1	NORMAL	NORMAL	0.7021	false
COLO829v003T	41	1	108	DEL	DEL	false	chr10	chr10	53716586	53717138	1	-1	NORMAL	NORMAL	2.0323	false
COLO829v003T	25	0	109	BND	COMPLEX	false	chr3	chr10	25359568	58717464	1	-1	FOLDBACK	NORMAL	1.5387	false
COLO829v003T	40	2	111	DEL	COMPLEX	false	chr10	chr10	81882050	82067910	1	-1	NORMAL	NORMAL	0.1978	false
COLO829v003T	40	3	112	INV	COMPLEX	false	chr10	chr10	35829480	84297669	1	1	NORMAL	NORMAL	0.0055	false
COLO829v003T	43	1	113	DEL	DEL	false	chr10	chr10	87940542	87952584	1	-1	NORMAL	NORMAL	1.6952	false
COLO829v003T	46	0	116	INV	DEL	true	chr11	chr11	37438553	40837689	1	1	NORMAL	NORMAL	0.1842	false
COLO829v003T	46	0	117	INV	DEL	true	chr11	chr11	37438375	40838309	-1	-1	NORMAL	NORMAL	0.1450	false
COLO829v003T	47	0	120	BND	COMPLEX	false	chr2	chr11	85108248	79480570	-1	-1	NORMAL	NORMAL	0.1097	false
COLO829v003T	47	0	121	BND	COMPLEX	false	chr2	chr11	85108419	79480583	1	1	NORMAL	NORMAL	0.1262	false
COLO829v003T	48	1	122	DEL	DEL	false	chr11	chr11	81074557	81382739	1	-1	NORMAL	NORMAL	1.1538	false
COLO829v003T	25	0	127	BND	COMPLEX	false	chr3	chr12	25359111	72273112	1	-1	FOLDBACK	NORMAL	2.4119	false
COLO829v003T	25	0	128	BND	COMPLEX	false	chr10	chr12	58717662	72273294	1	1	NORMAL	NORMAL	1.4930	false
COLO829v003T	55	1	129	DEL	DEL	false	chr12	chr12	91767369	91767405	1	-1	NORMAL	NORMAL	2.0097	false
COLO829v003T	56	1	130	SGL	LINE	false	chr12	-1	129287232	0	1	0	NORMAL		1.9701	false
COLO829v003T	56	2	131	SGL	LINE	false	chr12	-1	129287235	0	-1	0	NORMAL		1.9529	false
COLO829v003T	58	1	133	SGL	LINE	false	chr13	-1	59982893	0	-1	0	NORMAL		0.1829	false
COLO829v003T	65	1	137	DUP	DUP	false	chr14	chr14	40748748	40774901	-1	1	NORMAL	NORMAL	0.2451	false
COLO829v003T	66	1	139	DUP	DUP	false	chr14	chr14	72547941	72548038	-1	1	NORMAL	NORMAL	5.6120	false
COLO829v003T	36	1	142	BND	PAIR_OTHER	false	chr3	chr14	193541121	91649662	1	-1	NORMAL	NORMAL	0.0547	false
COLO829v003T	63	1	145	INF	COMPLEX	false	chr15	-1	23461732	0	1	0	NORMAL		0.7230	false
COLO829v003T	27	0	146	BND	DEL	true	chr6	chr15	138453044	23467471	1	1	NORMAL	NORMAL	1.7900	false
COLO829v003T	27	0	147	BND	DEL	true	chr6	chr15	138452922	23472019	-1	-1	NORMAL	NORMAL	1.7098	false
COLO829v003T	67	1	148	INV	PAIR_OTHER	false	chr15	chr15	23586512	23747555	1	1	FOLDBACK	FOLDBACK	2.0635	false
COLO829v003T	68	1	150	DUP	DUP	false	chr15	chr15	41329096	41336310	-1	1	NORMAL	NORMAL	2.0173	false
COLO829v003T	67	2	152	BND	PAIR_OTHER	false	chr7	chr15	151049570	84141973	1	-1	NORMAL	NORMAL	1.9987	false
COLO829v003T	69	1	154	INF	INF	false	chr16	-1	34427000	0	1	0	NORMAL		1.2800	false
COLO829v003T	70	1	155	DEL	DEL	false	chr16	chr16	58590641	58629427	1	-1	NORMAL	NORMAL	1.7734	false
COLO829v003T	71	1	157	DEL	DEL	false	chr16	chr16	78894739	79061107	1	-1	NORMAL	NORMAL	1.0444	false
COLO829v003T	37	2	162	BND	COMPLEX	false	chr10	chr18	7592410	9868620	-1	-1	NORMAL	NORMAL	0.8918	false
COLO829v003T	64	1	165	DEL	DEL	false	chr18	chr18	68712224	68715590	1	-1	NORMAL	NORMAL	0.8735	false
COLO829v003T	37	0	168	BND	COMPLEX	false	chr10	chr19	7017549	17286001	-1	1	NORMAL	NORMAL	0.9950	false
COLO829v003T	37	0	169	BND	COMPLEX	false	chr10	chr19	7090912	17286833	1	-1	NORMAL	NORMAL	1.0242	false
COLO829v003T	59	1	173	DEL	DEL	false	chr20	chr20	13180081	13183454	1	-1	NORMAL	NORMAL	2.0847	false
COLO829v003T	60	0	174	INF	COMPLEX	false	chr20	-1	14982310	0	-1	0	NORMAL		1.0300	false
COLO829v003T	60	0	175	DEL	COMPLEX	false	chr20	chr20	15019977	15033197	1	-1	NORMAL	NORMAL	0.9915	false
COLO829v003T	60	2	176	DEL	COMPLEX	false	chr20	chr20	14982310	15033303	1	-1	NORMAL	NORMAL	1.7803	false
COLO829v003T	61	1	177	DEL	DEL	false	chr20	chr20	15008178	15128172	1	-1	NORMAL	NORMAL	0.5092	false
COLO829v003T	63	1	180	BND	COMPLEX	false	chr15	chr20	23440925	38645824	-1	-1	NORMAL	NORMAL	1.2291	false
COLO829v003T	63	0	181	BND	COMPLEX	false	chr15	chr20	23440460	38645825	-1	-1	NORMAL	NORMAL	0.8842	false
COLO829v003T	63	0	182	BND	COMPLEX	false	chr15	chr20	23461732	38646024	-1	1	NORMAL	NORMAL	2.7992	false
COLO829v003T	49	1	187	DEL	DEL	false	chr22	chr22	33363263	33442413	1	-1	NORMAL	NORMAL	1.1973	false
COLO829v003T	18	1	190	DEL	DEL	false	chrX	chrX	31178826	31198094	1	-1	NORMAL	NORMAL	0.9323	false
COLO829v003T	72	1	191	DEL	DEL	false	chrX	chrX	31283086	32020633	1	-1	NORMAL	NORMAL	0.9687	false
COLO829v003T	21	1	193	DEL	DEL	false	chrX	chrX	32080415	32183135	1	-1	NORMAL	NORMAL	0.8415	false
COLO829v003T	73	1	194	DEL	DEL	false	chrX	chrX	32059738	32274980	1	-1	NORMAL	NORMAL	0.8990	false
COLO829v003T	22	1	196	DEL	DEL	false	chrX	chrX	34041661	34044588	1	-1	NORMAL	NORMAL	1.5551	false
